collection,year,title,references,other_sections,other_symbols,other_parts
usc,1994,1,2,11,0,0
usc,1995,1,2,11,0,0
usc,1996,1,2,11,0,0
usc,1997,1,2,11,0,0
usc,1998,1,2,11,0,0
usc,1999,1,2,11,0,0
usc,2000,1,2,11,0,0
usc,2001,1,2,11,0,0
usc,2002,1,2,11,0,0
usc,2003,1,2,11,0,0
usc,2004,1,4,14,0,0
usc,2005,1,4,14,0,0
usc,2006,1,4,14,0,0
usc,2007,1,4,14,0,0
usc,2008,1,4,14,0,0
usc,2009,1,4,14,0,0
usc,2010,1,4,14,0,0
usc,2011,1,4,14,0,0
usc,2012,1,4,14,0,0
usc,2013,1,4,14,0,0
usc,2014,1,4,14,0,0
usc,2015,1,4,14,0,0
usc,2016,1,4,14,0,0
usc,2017,1,4,14,0,0
usc,2018,1,4,14,0,0
usc,2019,1,4,14,0,0
usc,1994,2,773,183,0,0
usc,1995,2,973,228,0,0
usc,1996,2,962,225,0,0
usc,1997,2,924,208,0,0
usc,1998,2,938,217,0,0
usc,1999,2,942,212,0,0
usc,2000,2,957,224,0,0
usc,2001,2,971,224,0,0
usc,2002,2,1089,275,0,0
usc,2003,2,1097,274,0,0
usc,2004,2,1087,271,0,0
usc,2005,2,1100,277,0,0
usc,2006,2,1100,277,0,0
usc,2007,2,1127,283,0,0
usc,2008,2,1162,283,0,0
usc,2009,2,1160,278,0,0
usc,2010,2,1238,297,0,0
usc,2011,2,1241,297,0,0
usc,2012,2,1243,298,0,0
usc,2013,2,1231,295,0,0
usc,2014,2,1136,286,0,0
usc,2015,2,1137,287,0,0
usc,2016,2,1141,287,0,0
usc,2017,2,1146,288,0,0
usc,2018,2,1213,292,0,0
usc,2019,2,1292,313,0,0
usc,1994,3,46,11,0,0
usc,1995,3,46,11,0,0
usc,1996,3,88,60,0,0
usc,1997,3,88,60,0,0
usc,1998,3,90,62,0,0
usc,1999,3,90,62,0,0
usc,2000,3,90,62,0,0
usc,2001,3,90,62,0,0
usc,2002,3,90,62,0,0
usc,2003,3,90,62,0,0
usc,2004,3,91,62,0,0
usc,2005,3,91,62,0,0
usc,2006,3,91,55,0,0
usc,2007,3,91,55,0,0
usc,2008,3,91,55,0,0
usc,2009,3,91,55,0,0
usc,2010,3,91,55,0,0
usc,2011,3,91,55,0,0
usc,2012,3,91,55,0,0
usc,2013,3,91,55,0,0
usc,2014,3,91,55,0,0
usc,2015,3,91,55,0,0
usc,2016,3,91,55,0,0
usc,2017,3,91,55,0,0
usc,2018,3,91,55,0,0
usc,2019,3,91,55,0,0
usc,1994,4,8,4,0,0
usc,1995,4,10,15,0,0
usc,1996,4,10,15,0,0
usc,1997,4,10,15,0,0
usc,1998,4,10,17,0,0
usc,1999,4,10,17,0,0
usc,2000,4,26,28,0,0
usc,2001,4,26,28,0,0
usc,2002,4,26,28,0,0
usc,2003,4,26,28,0,0
usc,2004,4,26,28,0,0
usc,2005,4,26,28,0,0
usc,2006,4,26,29,0,0
usc,2007,4,26,29,0,0
usc,2008,4,26,29,0,0
usc,2009,4,26,29,0,0
usc,2010,4,26,29,0,0
usc,2011,4,26,29,0,0
usc,2012,4,26,29,0,0
usc,2013,4,26,29,0,0
usc,2014,4,26,29,0,0
usc,2015,4,26,29,0,0
usc,2016,4,26,29,0,0
usc,2017,4,26,29,0,0
usc,2018,4,27,30,0,0
usc,2019,4,27,30,0,0
usc,1994,5,2123,400,0,0
usc,1995,5,2082,393,0,0
usc,1996,5,2163,394,0,0
usc,1997,5,2183,395,0,0
usc,1998,5,2264,424,0,0
usc,1999,5,2300,434,0,0
usc,2000,5,2364,444,0,0
usc,2001,5,2392,448,0,0
usc,2002,5,2410,467,0,0
usc,2003,5,2465,477,0,0
usc,2004,5,2550,496,0,0
usc,2005,5,2555,494,0,0
usc,2006,5,2561,497,0,0
usc,2007,5,2582,498,0,0
usc,2008,5,2607,500,0,0
usc,2009,5,2628,505,0,0
usc,2010,5,2662,496,0,0
usc,2011,5,2676,496,0,0
usc,2012,5,2750,502,0,0
usc,2013,5,2753,503,0,0
usc,2014,5,2774,509,0,0
usc,2015,5,2790,515,0,0
usc,2016,5,2814,517,0,0
usc,2017,5,2860,521,0,0
usc,2018,5,2876,532,0,0
usc,2019,5,2898,536,0,0
usc,1994,6,0,0,0,0
usc,1995,6,0,0,0,0
usc,1996,6,0,0,0,0
usc,1997,6,0,0,0,0
usc,1998,6,0,0,0,0
usc,1999,6,0,0,0,0
usc,2000,6,0,0,0,0
usc,2001,6,0,0,0,0
usc,2002,6,230,65,0,0
usc,2003,6,235,67,0,0
usc,2004,6,252,69,0,0
usc,2005,6,253,67,0,0
usc,2006,6,364,81,0,0
usc,2007,6,657,107,0,0
usc,2008,6,665,109,0,0
usc,2009,6,668,109,0,0
usc,2010,6,675,110,0,0
usc,2011,6,676,110,0,0
usc,2012,6,678,110,0,0
usc,2013,6,675,110,0,0
usc,2014,6,739,117,0,0
usc,2015,6,844,127,0,0
usc,2016,6,898,137,0,0
usc,2017,6,899,138,0,0
usc,2018,6,937,144,0,0
usc,2019,6,946,148,0,0
usc,1994,7,1423,221,0,0
usc,1995,7,2919,495,0,2
usc,1996,7,2965,393,0,2
usc,1997,7,2980,395,0,2
usc,1998,7,3068,416,0,2
usc,1999,7,3079,417,0,2
usc,2000,7,3341,516,0,2
usc,2001,7,3346,516,0,2
usc,2002,7,3690,558,0,2
usc,2003,7,3693,556,0,2
usc,2004,7,3650,565,0,2
usc,2005,7,3673,565,0,2
usc,2006,7,3672,565,0,2
usc,2007,7,3687,565,0,2
usc,2008,7,4048,628,0,2
usc,2009,7,4054,638,0,2
usc,2010,7,4107,652,0,2
usc,2011,7,4212,659,0,2
usc,2012,7,4222,664,0,2
usc,2013,7,4222,664,0,2
usc,2014,7,4542,672,0,2
usc,2015,7,4552,671,0,2
usc,2016,7,4566,671,0,2
usc,2017,7,4559,651,0,2
usc,2018,7,4736,684,0,2
usc,2019,7,4754,692,0,2
usc,1994,8,1040,140,0,0
usc,1995,8,1033,140,0,0
usc,1996,8,1379,212,0,0
usc,1997,8,1432,248,0,0
usc,1998,8,1474,245,0,0
usc,1999,8,1493,248,0,0
usc,2000,8,1652,259,0,5
usc,2001,8,1664,258,0,5
usc,2002,8,1749,263,0,5
usc,2003,8,1794,264,0,5
usc,2004,8,1827,266,0,5
usc,2005,8,1902,284,0,5
usc,2006,8,1899,282,0,5
usc,2007,8,1904,283,0,5
usc,2008,8,2001,307,0,5
usc,2009,8,2010,307,0,5
usc,2010,8,2011,307,0,5
usc,2011,8,2011,307,0,5
usc,2012,8,2011,307,0,5
usc,2013,8,2021,310,0,5
usc,2014,8,2019,310,0,5
usc,2015,8,2029,310,0,5
usc,2016,8,2027,310,0,5
usc,2017,8,2027,310,0,5
usc,2018,8,2027,310,0,5
usc,2019,8,2032,310,0,5
usc,1994,9,13,2,0,0
usc,1995,9,13,2,0,0
usc,1996,9,13,2,0,0
usc,1997,9,13,2,0,0
usc,1998,9,13,2,0,0
usc,1999,9,13,2,0,0
usc,2000,9,13,2,0,0
usc,2001,9,13,2,0,0
usc,2002,9,13,2,0,0
usc,2003,9,13,2,0,0
usc,2004,9,13,2,0,0
usc,2005,9,13,2,0,0
usc,2006,9,13,2,0,0
usc,2007,9,13,2,0,0
usc,2008,9,13,2,0,0
usc,2009,9,13,2,0,0
usc,2010,9,13,2,0,0
usc,2011,9,13,2,0,0
usc,2012,9,13,2,0,0
usc,2013,9,13,2,0,0
usc,2014,9,13,2,0,0
usc,2015,9,13,2,0,0
usc,2016,9,13,2,0,0
usc,2017,9,13,2,0,0
usc,2018,9,13,2,0,0
usc,2019,9,13,2,0,0
usc,1994,10,2515,440,0,2
usc,1995,10,2454,435,0,2
usc,1996,10,2500,471,0,2
usc,1997,10,2593,485,0,3
usc,1998,10,2653,492,0,3
usc,1999,10,2753,518,0,3
usc,2000,10,2868,556,0,3
usc,2001,10,2919,567,0,3
usc,2002,10,2995,560,0,3
usc,2003,10,3088,577,0,3
usc,2004,10,3215,592,0,9
usc,2005,10,3301,620,0,9
usc,2006,10,3444,643,0,10
usc,2007,10,3442,643,0,10
usc,2008,10,3550,669,0,10
usc,2009,10,3639,691,0,10
usc,2010,10,3740,662,0,10
usc,2011,10,3804,668,0,10
usc,2012,10,3858,691,0,10
usc,2013,10,3916,705,0,10
usc,2014,10,3959,705,0,10
usc,2015,10,4017,705,0,10
usc,2016,10,4167,739,0,10
usc,2017,10,4257,744,0,16
usc,2018,10,4377,749,0,16
usc,2019,10,4448,778,0,16
usc,1994,11,517,97,0,0
usc,1995,11,516,97,0,0
usc,1996,11,519,97,0,0
usc,1997,11,519,97,0,0
usc,1998,11,527,101,0,0
usc,1999,11,527,101,0,0
usc,2000,11,529,117,0,0
usc,2001,11,529,117,0,0
usc,2002,11,529,118,0,0
usc,2003,11,529,118,0,0
usc,2004,11,529,118,0,0
usc,2005,11,783,208,0,0
usc,2006,11,786,209,0,0
usc,2007,11,785,209,0,0
usc,2008,11,786,209,0,0
usc,2009,11,786,209,0,0
usc,2010,11,782,211,0,0
usc,2011,11,782,211,0,0
usc,2012,11,782,211,0,0
usc,2013,11,782,211,0,0
usc,2014,11,782,215,0,0
usc,2015,11,782,215,0,0
usc,2016,11,782,215,0,0
usc,2017,11,794,217,0,0
usc,2018,11,794,217,0,0
usc,2019,11,844,222,0,0
usc,1994,12,3424,683,0,5
usc,1995,12,3424,687,0,5
usc,1996,12,3438,690,0,5
usc,1997,12,3456,698,0,5
usc,1998,12,3550,707,0,5
usc,1999,12,3679,739,0,5
usc,2000,12,3707,737,0,5
usc,2001,12,3711,737,0,5
usc,2002,12,3728,739,0,5
usc,2003,12,3761,739,0,5
usc,2004,12,3773,740,0,5
usc,2005,12,3830,753,0,5
usc,2006,12,3846,718,0,5
usc,2007,12,3846,718,0,5
usc,2008,12,4042,760,0,3
usc,2009,12,4079,765,0,3
usc,2010,12,4746,884,0,3
usc,2011,12,4678,852,0,3
usc,2012,12,4740,866,0,3
usc,2013,12,4740,866,0,3
usc,2014,12,4755,867,0,3
usc,2015,12,4763,865,0,3
usc,2016,12,4765,864,0,4
usc,2017,12,4765,864,0,4
usc,2018,12,4734,859,0,4
usc,2019,12,4739,859,0,4
usc,1994,13,15,11,0,0
usc,1995,13,15,12,0,0
usc,1996,13,15,12,0,0
usc,1997,13,15,14,0,0
usc,1998,13,15,14,0,0
usc,1999,13,15,14,0,0
usc,2000,13,15,14,0,0
usc,2001,13,15,14,0,0
usc,2002,13,19,15,0,0
usc,2003,13,18,15,0,0
usc,2004,13,18,15,0,0
usc,2005,13,18,15,0,0
usc,2006,13,18,15,0,0
usc,2007,13,18,15,0,0
usc,2008,13,18,15,0,0
usc,2009,13,18,15,0,0
usc,2010,13,18,15,0,0
usc,2011,13,18,15,0,0
usc,2012,13,18,15,0,0
usc,2013,13,18,15,0,0
usc,2014,13,18,15,0,0
usc,2015,13,18,15,0,0
usc,2016,13,18,15,0,0
usc,2017,13,18,15,0,0
usc,2018,13,18,15,0,0
usc,2019,13,19,15,0,0
usc,1994,14,133,23,0,0
usc,1995,14,133,23,0,0
usc,1996,14,156,31,0,0
usc,1997,14,156,31,0,0
usc,1998,14,157,31,0,0
usc,1999,14,156,31,0,0
usc,2000,14,158,30,0,0
usc,2001,14,158,30,0,0
usc,2002,14,174,34,0,0
usc,2003,14,174,34,0,0
usc,2004,14,178,35,0,0
usc,2005,14,179,35,0,0
usc,2006,14,189,34,0,0
usc,2007,14,189,34,0,0
usc,2008,14,189,34,0,0
usc,2009,14,189,34,0,0
usc,2010,14,200,38,0,0
usc,2011,14,200,38,0,0
usc,2012,14,214,41,0,0
usc,2013,14,214,41,0,0
usc,2014,14,237,43,0,0
usc,2015,14,237,43,0,0
usc,2016,14,249,46,0,0
usc,2017,14,249,46,0,0
usc,2018,14,267,50,0,0
usc,2019,14,267,50,0,0
usc,1994,15,3502,449,0,3
usc,1995,15,3587,460,0,3
usc,1996,15,3727,487,0,3
usc,1997,15,3758,492,0,3
usc,1998,15,3819,496,0,3
usc,1999,15,4006,516,0,3
usc,2000,15,4267,585,0,4
usc,2001,15,4297,607,0,4
usc,2002,15,4462,625,0,4
usc,2003,15,4667,652,0,4
usc,2004,15,4754,675,0,4
usc,2005,15,4742,679,0,4
usc,2006,15,4823,691,0,4
usc,2007,15,4881,698,0,4
usc,2008,15,5090,721,0,7
usc,2009,15,5134,724,0,7
usc,2010,15,5442,770,0,7
usc,2011,15,5540,765,0,7
usc,2012,15,5679,784,0,7
usc,2013,15,5679,784,0,7
usc,2014,15,5695,790,0,7
usc,2015,15,5744,782,0,7
usc,2016,15,5882,807,0,7
usc,2017,15,5917,812,0,7
usc,2018,15,6030,821,0,7
usc,2019,15,6067,824,0,7
usc,1994,16,4937,1802,0,2
usc,1995,16,4937,1803,0,2
usc,1996,16,5001,1835,0,2
usc,1997,16,5036,1865,0,2
usc,1998,16,5148,1884,0,2
usc,1999,16,5143,1884,0,2
usc,2000,16,5414,1985,0,2
usc,2001,16,5414,1987,0,2
usc,2002,16,5442,1973,0,2
usc,2003,16,5554,2025,0,2
usc,2004,16,5627,2030,0,2
usc,2005,16,5707,2032,0,2
usc,2006,16,5815,2040,0,2
usc,2007,16,5826,2040,0,2
usc,2008,16,5937,2052,0,3
usc,2009,16,6061,2067,0,3
usc,2010,16,6060,2090,0,3
usc,2011,16,6061,2091,0,3
usc,2012,16,6067,2091,0,3
usc,2013,16,6072,2091,0,3
usc,2014,16,5995,1790,0,3
usc,2015,16,6019,1794,0,3
usc,2016,16,6067,1809,0,3
usc,2017,16,6074,1818,0,3
usc,2018,16,6215,1829,0,3
usc,2019,16,6364,1834,0,3
usc,1994,17,280,59,0,0
usc,1995,17,331,69,0,0
usc,1996,17,331,70,0,0
usc,1997,17,336,68,0,0
usc,1998,17,387,73,0,0
usc,1999,17,411,82,0,0
usc,2000,17,411,86,0,0
usc,2001,17,411,86,0,0
usc,2002,17,429,89,0,0
usc,2003,17,429,89,0,0
usc,2004,17,485,106,0,0
usc,2005,17,487,106,0,0
usc,2006,17,490,106,0,0
usc,2007,17,490,106,0,0
usc,2008,17,499,105,0,0
usc,2009,17,499,105,0,0
usc,2010,17,495,111,0,0
usc,2011,17,495,111,0,0
usc,2012,17,495,111,0,0
usc,2013,17,495,111,0,0
usc,2014,17,497,112,0,0
usc,2015,17,497,112,0,0
usc,2016,17,497,112,0,0
usc,2017,17,497,112,0,0
usc,2018,17,564,115,0,0
usc,2019,17,555,111,0,0
usc,1994,18,1130,357,0,3
usc,1995,18,1126,357,0,3
usc,1996,18,1286,395,0,4
usc,1997,18,1295,400,0,4
usc,1998,18,1342,415,0,4
usc,1999,18,1348,415,0,4
usc,2000,18,1393,423,0,4
usc,2001,18,1468,437,0,5
usc,2002,18,1526,459,0,4
usc,2003,18,1586,452,0,4
usc,2004,18,1646,482,0,4
usc,2005,18,1666,490,0,4
usc,2006,18,1821,532,0,4
usc,2007,18,1832,541,0,4
usc,2008,18,1877,555,0,4
usc,2009,18,1889,557,0,4
usc,2010,18,1917,571,0,4
usc,2011,18,1917,571,0,4
usc,2012,18,1941,575,0,4
usc,2013,18,1950,577,0,4
usc,2014,18,1967,591,0,4
usc,2015,18,2017,598,0,4
usc,2016,18,2036,608,0,4
usc,2017,18,2038,611,0,4
usc,2018,18,2207,662,0,4
usc,2019,18,2207,660,0,4
usc,1994,19,1795,217,0,8
usc,1995,19,1788,216,0,8
usc,1996,19,1791,215,0,8
usc,1997,19,1792,215,0,8
usc,1998,19,1794,211,0,8
usc,1999,19,1791,214,0,8
usc,2000,19,1845,216,0,9
usc,2001,19,1845,216,0,9
usc,2002,19,1984,240,0,9
usc,2003,19,1989,258,0,9
usc,2004,19,2001,266,0,9
usc,2005,19,2073,273,0,9
usc,2006,19,2101,269,0,9
usc,2007,19,2098,269,0,9
usc,2008,19,2183,293,0,9
usc,2009,19,2278,295,0,9
usc,2010,19,2276,295,0,9
usc,2011,19,2244,320,0,9
usc,2012,19,2250,323,0,9
usc,2013,19,2250,323,0,9
usc,2014,19,2182,317,0,9
usc,2015,19,2293,338,0,9
usc,2016,19,2460,360,0,9
usc,2017,19,2460,360,0,9
usc,2018,19,2471,364,0,9
usc,2019,19,2478,364,0,9
usc,1994,20,3371,276,0,84
usc,1995,20,3365,276,0,84
usc,1996,20,3243,270,0,84
usc,1997,20,3303,274,0,81
usc,1998,20,3103,292,0,60
usc,1999,20,3063,301,0,62
usc,2000,20,3151,298,0,65
usc,2001,20,3587,313,0,82
usc,2002,20,3621,331,0,81
usc,2003,20,3636,331,0,81
usc,2004,20,3789,347,0,78
usc,2005,20,3777,346,0,78
usc,2006,20,3742,336,0,81
usc,2007,20,3890,354,0,81
usc,2008,20,4365,380,0,91
usc,2009,20,4397,386,0,91
usc,2010,20,4416,383,0,90
usc,2011,20,4421,383,0,90
usc,2012,20,4402,381,0,90
usc,2013,20,4395,381,0,90
usc,2014,20,4437,392,0,90
usc,2015,20,4038,366,0,70
usc,2016,20,4026,364,0,69
usc,2017,20,4029,364,0,69
usc,2018,20,4038,368,0,72
usc,2019,20,4088,365,0,73
usc,1994,21,1079,97,0,0
usc,1995,21,1079,97,0,0
usc,1996,21,1136,122,0,0
usc,1997,21,1280,127,0,0
usc,1998,21,1346,128,0,0
usc,1999,21,1366,131,0,0
usc,2000,21,1396,134,0,0
usc,2001,21,1399,134,0,0
usc,2002,21,1464,117,0,0
usc,2003,21,1525,123,0,0
usc,2004,21,1602,124,0,0
usc,2005,21,1608,123,0,0
usc,2006,21,1665,125,0,0
usc,2007,21,1808,142,0,0
usc,2008,21,1874,147,0,0
usc,2009,21,1999,158,0,1
usc,2010,21,2172,171,0,3
usc,2011,21,2175,171,0,3
usc,2012,21,2396,204,0,6
usc,2013,21,2552,221,0,6
usc,2014,21,2646,226,0,6
usc,2015,21,2664,233,0,6
usc,2016,21,2848,274,0,6
usc,2017,21,2960,315,0,6
usc,2018,21,3024,326,0,6
usc,2019,21,3100,340,0,6
usc,1994,22,2460,448,0,4
usc,1995,22,2446,445,0,4
usc,1996,22,2568,444,0,4
usc,1997,22,2590,461,0,4
usc,1998,22,2799,477,0,4
usc,1999,22,2852,490,0,4
usc,2000,22,2983,523,0,4
usc,2001,22,2991,523,0,4
usc,2002,22,3067,549,0,4
usc,2003,22,3145,563,0,4
usc,2004,22,3250,574,0,4
usc,2005,22,3271,580,0,4
usc,2006,22,3346,581,0,4
usc,2007,22,3350,585,0,4
usc,2008,22,3398,595,0,4
usc,2009,22,3454,610,0,4
usc,2010,22,3543,642,0,7
usc,2011,22,3552,646,0,8
usc,2012,22,3738,692,0,8
usc,2013,22,3751,696,0,8
usc,2014,22,3838,704,0,11
usc,2015,22,3897,693,0,11
usc,2016,22,4024,709,0,16
usc,2017,22,4136,736,0,16
usc,2018,22,4190,737,0,16
usc,2019,22,4213,751,0,18
usc,1994,23,318,91,0,2
usc,1995,23,322,103,0,2
usc,1996,23,322,103,0,2
usc,1997,23,322,103,0,2
usc,1998,23,383,101,0,4
usc,1999,23,385,103,0,4
usc,2000,23,385,104,0,4
usc,2001,23,386,105,0,4
usc,2002,23,385,106,0,4
usc,2003,23,386,105,0,4
usc,2004,23,386,105,0,4
usc,2005,23,510,133,0,5
usc,2006,23,510,136,0,5
usc,2007,23,511,136,0,5
usc,2008,23,513,136,0,5
usc,2009,23,513,136,0,5
usc,2010,23,513,132,0,5
usc,2011,23,513,132,0,5
usc,2012,23,571,117,0,1
usc,2013,23,571,117,0,1
usc,2014,23,570,114,0,1
usc,2015,23,676,151,0,1
usc,2016,23,683,151,0,1
usc,2017,23,683,151,0,1
usc,2018,23,685,152,0,1
usc,2019,23,686,152,0,1
usc,1994,24,83,5,0,1
usc,1995,24,83,5,0,1
usc,1996,24,84,5,0,1
usc,1997,24,82,5,0,1
usc,1998,24,81,5,0,1
usc,1999,24,82,5,0,1
usc,2000,24,78,5,0,1
usc,2001,24,74,5,0,1
usc,2002,24,74,5,0,1
usc,2003,24,74,5,0,1
usc,2004,24,74,5,0,1
usc,2005,24,74,5,0,1
usc,2006,24,74,5,0,1
usc,2007,24,74,5,0,1
usc,2008,24,75,5,0,1
usc,2009,24,78,5,0,1
usc,2010,24,76,5,0,1
usc,2011,24,74,5,0,1
usc,2012,24,74,5,0,1
usc,2013,24,74,5,0,1
usc,2014,24,74,5,0,1
usc,2015,24,74,5,0,1
usc,2016,24,74,5,0,1
usc,2017,24,74,5,0,1
usc,2018,24,75,5,0,1
usc,2019,24,75,5,0,1
usc,1994,25,1722,394,0,1
usc,1995,25,1723,394,0,1
usc,1996,25,1804,397,0,1
usc,1997,25,1809,397,0,1
usc,1998,25,1830,396,0,1
usc,1999,25,1831,396,0,1
usc,2000,25,2038,420,0,1
usc,2001,25,2083,416,0,1
usc,2002,25,2108,424,0,1
usc,2003,25,2108,424,0,1
usc,2004,25,2133,432,0,1
usc,2005,25,2136,434,0,1
usc,2006,25,2150,440,0,1
usc,2007,25,2154,440,0,1
usc,2008,25,2224,445,0,1
usc,2009,25,2222,445,0,1
usc,2010,25,2285,460,0,1
usc,2011,25,2285,460,0,1
usc,2012,25,2287,460,0,1
usc,2013,25,2294,461,0,1
usc,2014,25,2298,462,0,1
usc,2015,25,2298,462,0,2
usc,2016,25,1442,273,0,2
usc,2017,25,1458,275,0,2
usc,2018,25,1474,306,0,2
usc,2019,25,1474,306,0,2
usc,1994,26,10771,954,0,10
usc,1995,26,10767,954,0,10
usc,1996,26,11109,972,0,12
usc,1997,26,11852,1020,0,15
usc,1998,26,12018,1044,0,15
usc,1999,26,12038,1044,0,15
usc,2000,26,12172,1061,0,15
usc,2001,26,12396,1083,0,15
usc,2002,26,12507,1096,0,15
usc,2003,26,12583,1116,0,15
usc,2004,26,12807,1156,0,15
usc,2005,26,13152,1184,0,16
usc,2006,26,13650,1230,0,18
usc,2007,26,13719,1224,0,16
usc,2008,26,13995,1257,0,16
usc,2009,26,14129,1282,0,16
usc,2010,26,14404,1365,0,16
usc,2011,26,14418,1361,0,16
usc,2012,26,14413,1354,0,16
usc,2013,26,14411,1357,0,16
usc,2014,26,14266,1362,0,14
usc,2015,26,14423,1372,0,14
usc,2016,26,14457,1375,0,14
usc,2017,26,14288,1369,0,14
usc,2018,26,13915,1324,0,14
usc,2019,26,13999,1339,0,17
usc,1994,27,7,3,0,0
usc,1995,27,7,3,0,0
usc,1996,27,7,3,0,0
usc,1997,27,7,3,0,0
usc,1998,27,7,3,0,0
usc,1999,27,7,3,0,0
usc,2000,27,12,3,0,0
usc,2001,27,12,3,0,0
usc,2002,27,13,3,0,0
usc,2003,27,13,3,0,0
usc,2004,27,13,3,0,0
usc,2005,27,13,3,0,0
usc,2006,27,13,3,0,0
usc,2007,27,13,3,0,0
usc,2008,27,13,3,0,0
usc,2009,27,13,3,0,0
usc,2010,27,13,3,0,0
usc,2011,27,13,3,0,0
usc,2012,27,13,3,0,0
usc,2013,27,13,3,0,0
usc,2014,27,13,3,0,0
usc,2015,27,13,3,0,0
usc,2016,27,13,3,0,0
usc,2017,27,13,3,0,0
usc,2018,27,13,3,0,0
usc,2019,27,13,3,0,0
usc,1994,28,628,262,0,0
usc,1995,28,627,260,0,0
usc,1996,28,679,268,0,0
usc,1997,28,679,268,0,0
usc,1998,28,689,273,0,0
usc,1999,28,595,233,0,0
usc,2000,28,711,275,0,0
usc,2001,28,712,275,0,0
usc,2002,28,749,284,0,0
usc,2003,28,748,282,0,0
usc,2004,28,748,282,0,0
usc,2005,28,783,303,0,0
usc,2006,28,789,294,0,0
usc,2007,28,797,297,0,0
usc,2008,28,816,304,0,0
usc,2009,28,818,307,0,0
usc,2010,28,828,300,0,0
usc,2011,28,838,299,0,0
usc,2012,28,848,299,0,0
usc,2013,28,849,299,0,0
usc,2014,28,849,299,0,0
usc,2015,28,849,299,0,0
usc,2016,28,855,300,0,0
usc,2017,28,855,300,0,0
usc,2018,28,857,300,0,0
usc,2019,28,862,302,0,0
usc,1994,29,2619,229,0,20
usc,1995,29,2628,229,0,20
usc,1996,29,2621,234,0,21
usc,1997,29,2632,240,0,21
usc,1998,29,2930,330,0,22
usc,1999,29,2929,330,0,22
usc,2000,29,2490,270,0,22
usc,2001,29,2492,271,0,22
usc,2002,29,2523,280,0,23
usc,2003,29,2523,280,0,23
usc,2004,29,2546,269,0,23
usc,2005,29,2546,269,0,23
usc,2006,29,2681,274,0,23
usc,2007,29,2755,271,0,24
usc,2008,29,2781,274,0,24
usc,2009,29,2810,278,0,24
usc,2010,29,2815,285,0,24
usc,2011,29,2815,285,0,24
usc,2012,29,2836,287,0,24
usc,2013,29,2838,287,0,24
usc,2014,29,3679,378,0,37
usc,2015,29,3238,314,0,38
usc,2016,29,3242,314,0,38
usc,2017,29,3243,313,0,38
usc,2018,29,3250,325,0,38
usc,2019,29,3280,331,0,38
usc,1994,30,863,172,0,0
usc,1995,30,871,173,0,0
usc,1996,30,902,174,0,0
usc,1997,30,902,174,0,0
usc,1998,30,901,174,0,0
usc,1999,30,901,174,0,0
usc,2000,30,899,176,0,0
usc,2001,30,901,175,0,0
usc,2002,30,897,174,0,0
usc,2003,30,897,174,0,0
usc,2004,30,897,174,0,0
usc,2005,30,900,172,0,0
usc,2006,30,960,171,0,0
usc,2007,30,960,171,0,0
usc,2008,30,960,171,0,0
usc,2009,30,962,174,0,0
usc,2010,30,960,176,0,0
usc,2011,30,960,176,0,0
usc,2012,30,960,176,0,0
usc,2013,30,962,176,0,0
usc,2014,30,959,175,0,0
usc,2015,30,958,175,0,0
usc,2016,30,959,175,0,0
usc,2017,30,959,175,0,0
usc,2018,30,958,175,0,0
usc,2019,30,971,179,0,0
usc,1994,31,729,239,0,0
usc,1995,31,724,240,0,0
usc,1996,31,754,253,0,0
usc,1997,31,756,259,0,0
usc,1998,31,761,259,0,0
usc,1999,31,764,259,0,0
usc,2000,31,789,260,0,0
usc,2001,31,823,288,0,0
usc,2002,31,820,281,0,0
usc,2003,31,820,286,0,0
usc,2004,31,832,296,0,0
usc,2005,31,839,296,0,0
usc,2006,31,861,311,0,0
usc,2007,31,862,312,0,0
usc,2008,31,875,321,0,0
usc,2009,31,880,321,0,0
usc,2010,31,902,323,0,0
usc,2011,31,910,326,0,0
usc,2012,31,910,326,0,0
usc,2013,31,910,326,0,0
usc,2014,31,912,327,0,0
usc,2015,31,914,328,0,0
usc,2016,31,920,328,0,0
usc,2017,31,923,329,0,0
usc,2018,31,920,327,0,0
usc,2019,31,942,329,0,0
usc,1994,32,29,13,0,0
usc,1995,32,29,13,0,0
usc,1996,32,26,12,0,0
usc,1997,32,35,13,0,0
usc,1998,32,37,13,0,0
usc,1999,32,42,12,0,0
usc,2000,32,43,12,0,0
usc,2001,32,43,13,0,0
usc,2002,32,43,13,0,0
usc,2003,32,43,13,0,0
usc,2004,32,50,12,0,0
usc,2005,32,49,12,0,0
usc,2006,32,52,12,0,0
usc,2007,32,52,12,0,0
usc,2008,32,52,12,0,0
usc,2009,32,52,12,0,0
usc,2010,32,52,12,0,0
usc,2011,32,52,12,0,0
usc,2012,32,53,13,0,0
usc,2013,32,53,13,0,0
usc,2014,32,53,13,0,0
usc,2015,32,53,13,0,0
usc,2016,32,56,15,0,0
usc,2017,32,56,15,0,0
usc,2018,32,56,15,0,0
usc,2019,32,56,15,0,0
usc,1994,33,1247,221,0,0
usc,1995,33,1247,221,0,0
usc,1996,33,1287,238,0,0
usc,1997,33,1288,238,0,0
usc,1998,33,1286,234,0,0
usc,1999,33,1296,237,0,0
usc,2000,33,1344,241,0,0
usc,2001,33,1347,241,0,0
usc,2002,33,1361,241,0,0
usc,2003,33,1361,241,0,0
usc,2004,33,1383,249,0,0
usc,2005,33,1383,249,0,0
usc,2006,33,1412,257,0,0
usc,2007,33,1451,256,0,0
usc,2008,33,1466,256,0,0
usc,2009,33,1494,258,0,0
usc,2010,33,1498,261,0,0
usc,2011,33,1498,261,0,0
usc,2012,33,1503,270,0,0
usc,2013,33,1503,270,0,0
usc,2014,33,1681,275,0,0
usc,2015,33,1683,275,0,0
usc,2016,33,1724,282,0,0
usc,2017,33,1734,284,0,0
usc,2018,33,1817,295,0,4
usc,2019,33,1819,295,0,4
usc,1994,34,0,0,0,0
usc,1995,34,0,0,0,0
usc,1996,34,0,0,0,0
usc,1997,34,0,0,0,0
usc,1998,34,0,0,0,0
usc,1999,34,0,0,0,0
usc,2000,34,0,0,0,0
usc,2001,34,0,0,0,0
usc,2002,34,0,0,0,0
usc,2003,34,0,0,0,0
usc,2004,34,0,0,0,0
usc,2005,34,0,0,0,0
usc,2006,34,0,0,0,0
usc,2007,34,0,0,0,0
usc,2008,34,0,0,0,0
usc,2009,34,0,0,0,0
usc,2010,34,0,0,0,0
usc,2011,34,0,0,0,0
usc,2017,34,1011,129,0,9
usc,2018,34,1061,136,0,9
usc,2019,34,1064,137,0,9
usc,1994,35,165,50,0,0
usc,1995,35,169,51,0,0
usc,1996,35,170,53,0,0
usc,1997,35,170,53,0,0
usc,1998,35,172,53,0,0
usc,1999,35,241,60,0,0
usc,2000,35,247,61,0,0
usc,2001,35,247,61,0,0
usc,2002,35,247,59,0,0
usc,2003,35,250,60,0,0
usc,2004,35,250,60,0,0
usc,2005,35,250,60,0,0
usc,2006,35,250,60,0,0
usc,2007,35,250,60,0,0
usc,2008,35,250,60,0,0
usc,2009,35,250,60,0,0
usc,2010,35,248,72,0,0
usc,2011,35,300,83,0,0
usc,2012,35,326,77,0,0
usc,2013,35,337,77,0,0
usc,2014,35,337,77,0,0
usc,2015,35,342,82,0,0
usc,2016,35,342,82,0,0
usc,2017,35,342,82,0,0
usc,2018,35,342,82,0,0
usc,2019,35,342,82,0,0
usc,1994,36,179,30,0,0
usc,1995,36,179,30,0,0
usc,1996,36,214,33,0,0
usc,1997,36,217,33,0,0
usc,1998,36,156,20,0,0
usc,1999,36,170,23,0,0
usc,2000,36,176,25,0,0
usc,2001,36,176,25,0,0
usc,2002,36,180,28,0,0
usc,2003,36,180,25,0,0
usc,2004,36,180,25,0,0
usc,2005,36,180,25,0,0
usc,2006,36,186,26,0,0
usc,2007,36,186,26,0,0
usc,2008,36,186,27,0,0
usc,2009,36,187,28,0,0
usc,2010,36,187,28,0,0
usc,2011,36,187,28,0,0
usc,2012,36,187,28,0,0
usc,2013,36,187,28,0,0
usc,2014,36,187,29,0,0
usc,2015,36,189,29,0,0
usc,2016,36,197,30,0,0
usc,2017,36,197,30,0,0
usc,2018,36,208,33,0,0
usc,2019,36,206,33,0,0
usc,1994,37,246,24,0,0
usc,1995,37,246,24,0,0
usc,1996,37,259,26,0,0
usc,1997,37,248,25,0,0
usc,1998,37,249,25,0,0
usc,1999,37,278,28,0,0
usc,2000,37,295,36,0,0
usc,2001,37,307,36,0,0
usc,2002,37,305,36,0,0
usc,2003,37,316,35,0,0
usc,2004,37,322,35,0,0
usc,2005,37,378,37,0,0
usc,2006,37,385,36,0,0
usc,2007,37,385,36,0,0
usc,2008,37,450,36,0,0
usc,2009,37,453,36,0,0
usc,2010,37,456,38,0,0
usc,2011,37,476,39,0,0
usc,2012,37,477,39,0,0
usc,2013,37,480,39,0,0
usc,2014,37,480,39,0,0
usc,2015,37,480,39,0,0
usc,2016,37,483,39,0,0
usc,2017,37,492,39,0,0
usc,2018,37,493,39,0,0
usc,2019,37,493,39,0,0
usc,1994,38,1446,222,0,0
usc,1995,38,1446,221,0,0
usc,1996,38,1451,226,0,0
usc,1997,38,1472,230,0,0
usc,1998,38,1479,239,0,0
usc,1999,38,1527,244,0,0
usc,2000,38,1580,246,0,0
usc,2001,38,1654,250,0,0
usc,2002,38,1656,260,0,0
usc,2003,38,1677,263,0,0
usc,2004,38,1684,270,0,0
usc,2005,38,1687,271,0,0
usc,2006,38,1740,290,0,0
usc,2007,38,1743,294,0,0
usc,2008,38,1864,300,0,0
usc,2009,38,1866,300,0,0
usc,2010,38,1954,308,0,0
usc,2011,38,1965,316,0,0
usc,2012,38,1991,325,0,1
usc,2013,38,1994,323,0,1
usc,2014,38,2015,325,0,1
usc,2015,38,2008,327,0,1
usc,2016,38,2087,343,0,3
usc,2017,38,2148,350,0,4
usc,2018,38,2241,375,0,6
usc,2019,38,2265,383,0,6
usc,1994,39,211,53,0,0
usc,1995,39,210,54,0,0
usc,1996,39,212,56,0,0
usc,1997,39,215,53,0,0
usc,1998,39,217,53,0,0
usc,1999,39,237,52,0,0
usc,2000,39,245,56,0,0
usc,2001,39,246,56,0,0
usc,2002,39,264,52,0,0
usc,2003,39,264,52,0,0
usc,2004,39,265,52,0,0
usc,2005,39,265,52,0,0
usc,2006,39,330,63,0,0
usc,2007,39,330,64,0,0
usc,2008,39,331,63,0,0
usc,2009,39,333,65,0,0
usc,2010,39,333,64,0,0
usc,2011,39,333,64,0,0
usc,2012,39,333,64,0,0
usc,2013,39,333,64,0,0
usc,2014,39,333,64,0,0
usc,2015,39,333,64,0,0
usc,2016,39,333,64,0,0
usc,2017,39,333,64,0,0
usc,2018,39,333,64,0,0
usc,2019,39,330,64,0,0
usc,1994,40,457,161,0,0
usc,1995,40,455,160,0,0
usc,1996,40,470,166,0,0
usc,1997,40,471,166,0,0
usc,1998,40,478,167,0,0
usc,1999,40,479,168,0,0
usc,2000,40,471,169,0,0
usc,2001,40,477,171,0,0
usc,2002,40,415,109,0,0
usc,2003,40,416,110,0,0
usc,2004,40,416,110,0,0
usc,2005,40,414,110,0,0
usc,2006,40,417,108,0,0
usc,2007,40,422,111,0,0
usc,2008,40,454,117,0,0
usc,2009,40,455,117,0,0
usc,2010,40,442,119,0,0
usc,2011,40,442,119,0,0
usc,2012,40,442,119,0,0
usc,2013,40,442,119,0,0
usc,2014,40,447,119,0,0
usc,2015,40,449,119,0,0
usc,2016,40,463,123,0,0
usc,2017,40,463,123,0,0
usc,2018,40,468,123,0,0
usc,2019,40,471,123,0,0
usc,1994,41,275,78,0,1
usc,1995,41,277,78,0,1
usc,1996,41,283,75,0,1
usc,1997,41,276,74,0,1
usc,1998,41,278,75,0,1
usc,1999,41,278,76,0,1
usc,2000,41,281,76,0,1
usc,2001,41,281,76,0,1
usc,2002,41,278,78,0,1
usc,2003,41,301,82,0,1
usc,2004,41,303,83,0,1
usc,2005,41,312,84,0,1
usc,2006,41,315,84,0,1
usc,2007,41,316,84,0,1
usc,2008,41,331,85,0,1
usc,2009,41,331,85,0,1
usc,2010,41,353,90,0,1
usc,2011,41,358,90,0,1
usc,2012,41,369,95,0,1
usc,2013,41,369,95,0,1
usc,2014,41,370,95,0,1
usc,2015,41,370,95,0,1
usc,2016,41,374,99,0,1
usc,2017,41,375,99,0,1
usc,2018,41,428,108,0,1
usc,2019,41,424,111,0,1
usc,1994,42,14645,1627,0,21
usc,1995,42,14619,1628,0,21
usc,1996,42,15061,1667,0,23
usc,1997,42,15709,1743,0,29
usc,1998,42,15923,1773,0,30
usc,1999,42,16147,1805,0,30
usc,2000,42,16440,1896,0,30
usc,2001,42,16496,1928,0,31
usc,2002,42,16696,2008,0,37
usc,2003,42,17406,2052,0,42
usc,2004,42,17727,2107,0,42
usc,2005,42,18345,2144,0,44
usc,2006,42,18832,2195,0,45
usc,2007,42,19326,2264,0,52
usc,2008,42,19823,2338,0,54
usc,2009,42,20417,2413,0,54
usc,2010,42,21749,2647,0,60
usc,2011,42,21747,2653,0,60
usc,2012,42,21805,2662,0,60
usc,2013,42,21895,2676,0,60
usc,2014,42,21889,2677,0,56
usc,2015,42,22211,2724,0,51
usc,2016,42,22523,2791,0,51
usc,2017,42,21612,2665,0,42
usc,2018,42,22093,2723,0,43
usc,2019,42,22247,2746,0,43
usc,1994,43,1062,430,0,0
usc,1995,43,1070,428,0,0
usc,1996,43,1071,435,0,1
usc,1997,43,1074,432,0,1
usc,1998,43,1078,433,0,1
usc,1999,43,1084,430,0,1
usc,2000,43,1113,437,0,1
usc,2001,43,1120,439,0,1
usc,2002,43,1119,439,0,1
usc,2003,43,1123,440,0,1
usc,2004,43,1141,457,0,1
usc,2005,43,1142,458,0,1
usc,2006,43,1169,458,0,1
usc,2007,43,1170,458,0,1
usc,2008,43,1185,466,0,1
usc,2009,43,1195,467,0,1
usc,2010,43,1196,468,0,1
usc,2011,43,1198,471,0,1
usc,2012,43,1201,471,0,1
usc,2013,43,1203,471,0,1
usc,2014,43,1199,471,0,1
usc,2015,43,1203,471,0,1
usc,2016,43,1201,470,0,1
usc,2017,43,1201,459,0,1
usc,2018,43,1255,469,0,1
usc,2019,43,1273,470,0,1
usc,1994,44,122,25,0,0
usc,1995,44,129,23,0,0
usc,1996,44,130,29,0,0
usc,1997,44,137,29,0,0
usc,1998,44,137,29,0,0
usc,1999,44,138,30,0,0
usc,2000,44,165,44,0,0
usc,2001,44,166,45,0,0
usc,2002,44,229,46,0,0
usc,2003,44,230,47,0,0
usc,2004,44,231,47,0,0
usc,2005,44,231,47,0,0
usc,2006,44,232,47,0,0
usc,2007,44,232,47,0,0
usc,2008,44,233,49,0,0
usc,2009,44,233,49,0,0
usc,2010,44,232,49,0,0
usc,2011,44,232,49,0,0
usc,2012,44,232,49,0,0
usc,2013,44,232,49,0,0
usc,2014,44,205,41,0,0
usc,2015,44,210,42,0,0
usc,2016,44,210,42,0,0
usc,2017,44,211,42,0,0
usc,2018,44,236,52,0,0
usc,2019,44,254,50,0,0
usc,1994,45,1121,292,0,7
usc,1995,45,1106,291,0,7
usc,1996,45,1103,295,0,7
usc,1997,45,1102,293,0,7
usc,1998,45,1072,270,0,7
usc,1999,45,1072,270,0,7
usc,2000,45,1071,270,0,7
usc,2001,45,1060,281,0,7
usc,2002,45,1058,281,0,7
usc,2003,45,1053,281,0,7
usc,2004,45,1053,281,0,7
usc,2005,45,1058,283,0,7
usc,2006,45,1059,283,0,7
usc,2007,45,1059,283,0,7
usc,2008,45,1061,283,0,7
usc,2009,45,1061,283,0,7
usc,2010,45,1061,284,0,7
usc,2011,45,1061,284,0,7
usc,2012,45,1063,284,0,7
usc,2013,45,1063,284,0,7
usc,2014,45,1061,284,0,7
usc,2015,45,1065,284,0,7
usc,2016,45,1065,284,0,7
usc,2017,45,1065,284,0,7
usc,2018,45,1065,284,0,7
usc,2019,45,1065,284,0,7
usc,1994,46,263,75,0,0
usc,1995,46,263,75,0,0
usc,1996,46,524,79,0,0
usc,1997,46,527,79,0,0
usc,1998,46,536,83,0,0
usc,1999,46,536,83,0,0
usc,2000,46,537,83,0,0
usc,2001,46,541,86,0,0
usc,2002,46,562,86,0,0
usc,2003,46,601,105,0,0
usc,2004,46,618,106,0,0
usc,2005,46,618,107,0,0
usc,2006,46,999,145,0,0
usc,2007,46,1007,148,0,0
usc,2008,46,1016,151,0,0
usc,2009,46,1017,159,0,0
usc,2010,46,1047,167,0,0
usc,2011,46,1047,167,0,0
usc,2012,46,1027,173,0,0
usc,2013,46,1021,172,0,0
usc,2014,46,1039,179,0,0
usc,2015,46,1040,178,0,0
usc,2016,46,1061,180,0,0
usc,2017,46,1091,185,0,0
usc,2018,46,1125,187,0,0
usc,2019,46,1165,182,0,0
usc,1994,47,355,66,0,2
usc,1995,47,356,66,0,2
usc,1996,47,472,79,0,3
usc,1997,47,491,87,0,3
usc,1998,47,492,87,0,3
usc,1999,47,539,99,0,3
usc,2000,47,580,109,0,3
usc,2001,47,579,109,0,3
usc,2002,47,588,110,0,3
usc,2003,47,588,110,0,3
usc,2004,47,658,124,0,3
usc,2005,47,654,123,0,3
usc,2006,47,662,125,0,3
usc,2007,47,662,125,0,3
usc,2008,47,675,129,0,3
usc,2009,47,678,129,0,3
usc,2010,47,724,142,0,3
usc,2011,47,724,142,0,3
usc,2012,47,819,150,0,3
usc,2013,47,819,150,0,3
usc,2014,47,825,150,0,3
usc,2015,47,828,151,0,3
usc,2016,47,805,148,0,3
usc,2017,47,810,148,0,3
usc,2018,47,871,158,0,3
usc,2019,47,898,158,0,3
usc,1994,48,245,222,0,0
usc,1995,48,244,222,0,0
usc,1996,48,245,222,0,0
usc,1997,48,245,222,0,0
usc,1998,48,246,222,0,0
usc,1999,48,246,222,0,0
usc,2000,48,245,220,0,0
usc,2001,48,245,220,0,0
usc,2002,48,245,221,0,0
usc,2003,48,292,339,0,3
usc,2004,48,290,339,0,3
usc,2005,48,289,339,0,3
usc,2006,48,290,339,0,3
usc,2007,48,290,337,0,3
usc,2008,48,315,350,0,3
usc,2009,48,315,350,0,3
usc,2010,48,315,351,0,3
usc,2011,48,315,351,0,3
usc,2012,48,314,351,0,3
usc,2013,48,314,351,0,3
usc,2014,48,314,350,0,3
usc,2015,48,314,351,0,3
usc,2016,48,407,363,0,3
usc,2017,48,407,365,0,3
usc,2018,48,411,369,0,3
usc,2019,48,420,377,0,3
usc,1994,49,1983,415,0,1
usc,1995,49,1748,388,0,1
usc,1996,49,1846,411,0,4
usc,1997,49,1852,410,0,4
usc,1998,49,1890,416,0,16
usc,1999,49,1901,417,0,16
usc,2000,49,2043,445,0,19
usc,2001,49,2086,451,0,18
usc,2002,49,2116,453,0,18
usc,2003,49,2218,482,0,19
usc,2004,49,2245,485,0,19
usc,2005,49,2353,511,0,7
usc,2006,49,2373,509,0,7
usc,2007,49,2392,514,0,7
usc,2008,49,2513,538,0,7
usc,2009,49,2515,538,0,7
usc,2010,49,2486,536,0,7
usc,2011,49,2494,538,0,7
usc,2012,49,2623,521,0,8
usc,2013,49,2629,524,0,8
usc,2014,49,2639,519,0,8
usc,2015,49,2770,538,0,9
usc,2016,49,2829,552,0,9
usc,2017,49,2837,553,0,9
usc,2018,49,2949,559,0,17
usc,2019,49,2952,563,0,17
usc,1994,50,489,82,0,0
usc,1995,50,496,86,0,0
usc,1996,50,524,85,0,0
usc,1997,50,526,84,0,0
usc,1998,50,542,85,0,0
usc,1999,50,579,89,0,0
usc,2000,50,583,87,0,0
usc,2001,50,596,88,0,0
usc,2002,50,672,99,0,0
usc,2003,50,759,123,0,0
usc,2004,50,808,134,0,0
usc,2005,50,812,135,0,0
usc,2006,50,824,134,0,0
usc,2007,50,847,139,0,0
usc,2008,50,915,146,0,0
usc,2009,50,932,147,0,0
usc,2010,50,1000,153,0,0
usc,2011,50,1002,156,0,0
usc,2012,50,988,151,0,0
usc,2013,50,1013,145,0,0
usc,2014,50,1059,153,0,0
usc,2015,50,1607,225,0,0
usc,2016,50,1613,227,0,1
usc,2017,50,1606,216,0,1
usc,2018,50,1574,224,0,4
usc,2019,50,1646,235,0,4
usc,2010,51,159,31,0,0
usc,2011,51,159,31,0,0
usc,2012,51,159,31,0,0
usc,2013,51,159,31,0,0
usc,2014,51,159,31,0,0
usc,2015,51,169,32,0,0
usc,2016,51,170,32,0,0
usc,2017,51,179,42,0,0
usc,2018,51,179,42,0,0
usc,2019,51,179,42,0,0
usc,2014,52,385,39,0,6
usc,2015,52,385,39,0,6
usc,2016,52,385,39,0,6
usc,2017,52,385,39,0,6
usc,2018,52,383,39,0,6
usc,2019,52,383,39,0,6
usc,2014,54,205,47,0,0
usc,2015,54,205,47,0,0
usc,2016,54,214,51,0,0
usc,2017,54,216,51,0,0
usc,2018,54,216,51,0,0
usc,2019,54,222,52,0,0
cfr,1997,10,3998,677,89,12
cfr,1998,10,4286,697,91,11
cfr,1999,10,7585,1206,136,22
cfr,2000,10,4428,764,111,11
cfr,2001,10,6288,957,126,18
cfr,2002,10,8140,1257,142,22
cfr,2003,10,7626,1114,138,19
cfr,2004,10,8604,1276,138,23
cfr,2005,10,8772,1304,136,20
cfr,2006,10,9093,1297,138,22
cfr,2007,10,9145,1321,138,22
cfr,2008,10,9986,1348,132,24
cfr,2009,10,13177,1694,149,28
cfr,2010,10,10697,1375,129,25
cfr,2011,10,10740,1375,129,25
cfr,2012,10,8558,1181,118,19
cfr,2013,10,11107,1413,126,25
cfr,2014,10,11184,1425,127,25
cfr,2015,10,11436,1431,127,25
cfr,2016,10,11528,1436,127,25
cfr,2017,10,11897,1507,133,28
cfr,2018,10,11452,1341,115,24
cfr,2019,10,12108,1501,129,25
cfr,2020,10,12278,1511,128,26
cfr,1997,11,1953,16,0,4
cfr,1998,11,1955,16,0,4
cfr,1999,11,1950,16,0,4
cfr,2000,11,1441,16,0,4
cfr,2001,11,1165,13,0,2
cfr,2002,11,1165,13,0,2
cfr,2003,11,2425,17,0,5
cfr,2004,11,2474,17,0,5
cfr,2005,11,2486,17,0,5
cfr,2006,11,2489,17,0,5
cfr,2007,11,2504,16,0,5
cfr,2008,11,2523,16,0,5
cfr,2009,11,2614,23,0,5
cfr,2010,11,2557,30,0,5
cfr,2011,11,2593,30,0,6
cfr,2012,11,2560,31,0,6
cfr,2013,11,2560,31,0,6
cfr,2014,11,2560,31,0,6
cfr,2015,11,2554,31,0,6
cfr,2016,11,2536,30,0,5
cfr,2017,11,2525,30,0,5
cfr,2018,11,2546,30,0,5
cfr,2019,11,2546,30,0,5
cfr,2020,11,2530,30,0,5
cfr,1997,12,3905,1220,81,12
cfr,1998,12,6975,1921,139,19
cfr,1999,12,8383,2230,207,15
cfr,2000,12,7718,2068,202,18
cfr,2001,12,5882,1537,121,14
cfr,2002,12,10365,2648,259,24
cfr,2003,12,10743,2682,256,17
cfr,2004,12,10561,2603,203,18
cfr,2005,12,11059,2728,264,19
cfr,2006,12,8039,1888,130,18
cfr,2007,12,9488,2371,232,12
cfr,2008,12,11497,2937,263,20
cfr,2009,12,10540,2638,180,20
cfr,2010,12,12046,3053,272,20
cfr,2011,12,12538,3128,273,20
cfr,2012,12,16760,4128,297,20
cfr,2013,12,17029,4196,298,20
cfr,2014,12,17845,4026,337,21
cfr,2015,12,20809,4893,449,22
cfr,2016,12,19114,4512,412,21
cfr,2017,12,20993,4952,451,21
cfr,2018,12,21489,5041,459,21
cfr,2019,12,19678,4656,487,21
cfr,2020,12,20049,4661,479,21
cfr,1997,13,708,96,5,1
cfr,1998,13,710,96,5,1
cfr,1999,13,1327,147,13,2
cfr,2000,13,1492,137,13,1
cfr,2001,13,1567,148,14,1
cfr,2002,13,1705,165,14,1
cfr,2003,13,1737,166,14,1
cfr,2004,13,1797,170,15,1
cfr,2005,13,1868,182,14,3
cfr,2006,13,1928,199,13,3
cfr,2007,13,1927,199,13,3
cfr,2008,13,1882,199,13,3
cfr,2009,13,1964,206,14,3
cfr,2010,13,2029,230,15,3
cfr,2011,13,1784,212,12,3
cfr,2012,13,2152,234,17,3
cfr,2013,13,2193,235,17,3
cfr,2014,13,2299,243,15,2
cfr,2015,13,2099,211,15,2
cfr,2016,13,2265,232,14,2
cfr,2017,13,2310,232,14,2
cfr,2018,13,2318,225,13,2
cfr,2019,13,2375,226,13,2
cfr,2020,13,2439,220,14,2
cfr,1997,14,2387,233,21,21
cfr,1998,14,4032,280,27,36
cfr,1999,14,6908,518,36,71
cfr,2000,14,7545,572,38,70
cfr,2001,14,7349,577,35,63
cfr,2002,14,7335,568,34,49
cfr,2003,14,7082,569,33,46
cfr,2004,14,7277,563,33,45
cfr,2005,14,7654,567,33,49
cfr,2006,14,7747,567,32,50
cfr,2007,14,8797,558,34,62
cfr,2008,14,8948,569,36,63
cfr,2009,14,9113,565,37,63
cfr,2010,14,7420,541,35,57
cfr,2011,14,7436,526,35,58
cfr,2012,14,9325,543,38,58
cfr,2013,14,9362,536,29,55
cfr,2014,14,8511,416,30,52
cfr,2015,14,9188,508,26,53
cfr,2016,14,9297,507,27,53
cfr,2017,14,9418,517,27,53
cfr,2018,14,8367,414,27,51
cfr,2019,14,9169,517,31,55
cfr,2020,14,9115,425,30,50
cfr,1997,15,2046,364,115,197
cfr,1998,15,2503,411,244,402
cfr,1999,15,2600,437,273,423
cfr,2000,15,2667,390,307,435
cfr,2001,15,2445,379,305,441
cfr,2002,15,3078,559,330,449
cfr,2003,15,3066,560,351,454
cfr,2004,15,2874,531,346,456
cfr,2005,15,2890,532,346,464
cfr,2006,15,2906,528,352,459
cfr,2007,15,2414,389,431,509
cfr,2008,15,2909,532,457,522
cfr,2009,15,2926,536,514,538
cfr,2010,15,2967,541,511,539
cfr,2011,15,2973,540,520,548
cfr,2012,15,2994,543,537,548
cfr,2013,15,3046,535,542,547
cfr,2014,15,3067,530,570,563
cfr,2015,15,3182,581,583,572
cfr,2016,15,3177,587,576,537
cfr,2017,15,2691,545,553,522
cfr,2018,15,3135,583,560,525
cfr,2019,15,3510,619,564,531
cfr,2020,15,3545,619,561,530
cfr,1997,16,2263,532,78,17
cfr,1998,16,3705,942,112,13
cfr,1999,16,3400,873,108,13
cfr,2000,16,3531,879,92,14
cfr,2001,16,3502,891,114,13
cfr,2002,16,3963,1002,122,11
cfr,2003,16,3970,999,122,10
cfr,2004,16,3998,1001,126,10
cfr,2005,16,4039,1003,126,10
cfr,2006,16,4084,1003,124,10
cfr,2007,16,4150,1010,125,10
cfr,2008,16,4186,1024,126,10
cfr,2009,16,4318,1036,127,10
cfr,2010,16,4444,1070,128,10
cfr,2011,16,4557,1146,129,10
cfr,2012,16,4547,1185,127,9
cfr,2013,16,4725,1185,126,10
cfr,2014,16,4868,1190,125,10
cfr,2015,16,4893,1194,123,10
cfr,2016,16,4960,1209,123,8
cfr,2017,16,5018,1212,119,8
cfr,2018,16,4954,1205,119,8
cfr,2019,16,5117,1260,120,9
cfr,2020,16,5119,1255,120,9
cfr,1997,17,3365,688,6,1
cfr,1998,17,5167,1591,28,3
cfr,1999,17,3566,1030,25,3
cfr,2000,17,6154,2083,159,9
cfr,2001,17,8111,2656,194,13
cfr,2002,17,6754,2124,179,9
cfr,2003,17,6996,2203,179,9
cfr,2004,17,9202,3302,206,13
cfr,2005,17,9827,3432,204,13
cfr,2006,17,10107,3566,204,13
cfr,2007,17,10218,3618,204,13
cfr,2008,17,10475,3743,206,13
cfr,2009,17,15240,5872,244,18
cfr,2010,17,10526,3797,201,13
cfr,2011,17,10789,3882,201,32
cfr,2012,17,11469,4008,202,35
cfr,2013,17,11826,4271,197,36
cfr,2014,17,12388,4637,215,40
cfr,2015,17,12772,4720,217,40
cfr,2016,17,10880,4077,198,39
cfr,2017,17,13466,4965,216,36
cfr,2018,17,13561,4993,215,35
cfr,2019,17,13655,5004,226,41
cfr,2020,17,14179,5212,242,47
cfr,1997,18,1310,402,11,6
cfr,1998,18,0,0,0,0
cfr,1999,18,2349,688,31,12
cfr,2000,18,2160,641,30,13
cfr,2001,18,2421,696,33,13
cfr,2002,18,2435,706,33,12
cfr,2003,18,2453,701,33,12
cfr,2004,18,2682,760,33,12
cfr,2005,18,2715,760,27,11
cfr,2006,18,2795,781,30,11
cfr,2007,18,3265,813,31,12
cfr,2008,18,3291,836,31,13
cfr,2009,18,3326,840,31,14
cfr,2010,18,3347,852,31,13
cfr,2011,18,3309,847,30,13
cfr,2012,18,3315,848,30,15
cfr,2013,18,3322,848,27,15
cfr,2014,18,3333,850,27,15
cfr,2015,18,3277,853,27,15
cfr,2016,18,3316,860,28,15
cfr,2017,18,3338,867,29,15
cfr,2018,18,3384,867,29,15
cfr,2019,18,3395,872,30,15
cfr,2020,18,3457,886,30,15
cfr,1997,19,2609,115,12,5
cfr,1998,19,4932,827,17,8
cfr,1999,19,5981,1010,34,10
cfr,2000,19,6093,1011,34,11
cfr,2001,19,5863,912,35,10
cfr,2002,19,5921,958,36,10
cfr,2003,19,6064,962,39,9
cfr,2004,19,6251,966,39,9
cfr,2005,19,6307,966,39,9
cfr,2006,19,6311,970,40,10
cfr,2007,19,6346,983,40,10
cfr,2008,19,6584,996,44,10
cfr,2009,19,7915,1795,54,12
cfr,2010,19,6776,1013,49,11
cfr,2011,19,6823,1011,50,11
cfr,2012,19,7021,1010,52,11
cfr,2013,19,7085,1009,52,11
cfr,2014,19,7206,1010,51,11
cfr,2015,19,7258,1013,52,11
cfr,2016,19,7163,1010,57,11
cfr,2017,19,7294,1023,57,10
cfr,2018,19,7364,1028,61,9
cfr,2019,19,7847,1066,62,9
cfr,2020,19,7852,1066,62,9
cfr,1997,1,46,2,0,0
cfr,1998,1,46,2,0,0
cfr,1999,1,46,2,0,0
cfr,2000,1,32,2,0,0
cfr,2001,1,32,2,0,0
cfr,2002,1,32,2,0,0
cfr,2003,1,32,2,0,0
cfr,2004,1,32,2,0,0
cfr,2005,1,32,2,0,0
cfr,2006,1,32,2,0,0
cfr,2007,1,32,2,0,0
cfr,2008,1,32,2,0,0
cfr,2009,1,32,2,0,0
cfr,2010,1,30,2,0,0
cfr,2011,1,30,2,0,0
cfr,2012,1,28,2,0,0
cfr,2013,1,28,2,0,0
cfr,2014,1,28,2,0,0
cfr,2015,1,176,17,2,0
cfr,2016,1,180,17,2,0
cfr,2017,1,180,17,2,0
cfr,2018,1,259,19,2,0
cfr,2019,1,303,19,2,0
cfr,2020,1,303,19,2,0
cfr,1997,20,2549,736,12,12
cfr,1998,20,7583,1856,48,17
cfr,1999,20,5084,1426,40,15
cfr,2000,20,6637,1732,33,16
cfr,2001,20,4052,1198,12,14
cfr,2002,20,9966,2123,44,20
cfr,2003,20,10031,2136,46,20
cfr,2004,20,10385,2152,46,20
cfr,2005,20,10737,2157,49,20
cfr,2006,20,11217,2165,77,75
cfr,2007,20,11507,2160,57,18
cfr,2008,20,11478,2162,57,18
cfr,2009,20,11617,2197,42,18
cfr,2010,20,11877,2207,42,18
cfr,2011,20,12001,2184,72,18
cfr,2012,20,11553,2117,70,18
cfr,2013,20,10896,1699,69,15
cfr,2014,20,10699,1660,67,15
cfr,2015,20,10636,1649,67,15
cfr,2016,20,10838,1663,67,15
cfr,2017,20,12341,1890,67,16
cfr,2018,20,12310,1903,48,16
cfr,2019,20,12440,1900,39,16
cfr,2020,20,12490,1910,46,16
cfr,1996,21,1403,500,7,1
cfr,1997,21,3536,926,7,7
cfr,1998,21,6448,1281,14,6
cfr,1999,21,6241,1088,9,6
cfr,2000,21,7670,1193,7,8
cfr,2001,21,11734,1886,11,9
cfr,2002,21,13868,2199,17,6
cfr,2003,21,15423,2554,21,5
cfr,2004,21,15501,2575,21,6
cfr,2005,21,12271,1903,16,3
cfr,2006,21,15823,2481,20,4
cfr,2007,21,15886,2485,20,4
cfr,2008,21,16221,2535,21,4
cfr,2009,21,17957,2666,18,5
cfr,2010,21,16587,2606,20,4
cfr,2011,21,16613,2612,20,4
cfr,2012,21,16683,2645,20,4
cfr,2013,21,16732,2648,20,4
cfr,2014,21,11963,1995,17,3
cfr,2015,21,13644,2228,17,3
cfr,2016,21,17516,2827,32,4
cfr,2017,21,18181,3024,34,28
cfr,2018,21,18289,3035,35,28
cfr,2019,21,18358,3053,35,28
cfr,2020,21,18841,3049,36,28
cfr,1997,22,1863,285,23,8
cfr,1998,22,4077,584,76,20
cfr,1999,22,4075,561,76,18
cfr,2000,22,4185,574,79,19
cfr,2001,22,4122,552,76,19
cfr,2002,22,4385,617,79,19
cfr,2003,22,4357,606,76,19
cfr,2004,22,4428,590,76,19
cfr,2005,22,4445,582,76,19
cfr,2006,22,4391,568,79,19
cfr,2007,22,4345,585,87,15
cfr,2008,22,4407,580,86,16
cfr,2009,22,4358,579,90,12
cfr,2010,22,4372,582,90,12
cfr,2011,22,4363,582,90,12
cfr,2012,22,4321,577,89,12
cfr,2013,22,4339,576,91,12
cfr,2014,22,4494,579,89,12
cfr,2015,22,4290,553,88,12
cfr,2016,22,4270,540,88,12
cfr,2017,22,4094,507,87,13
cfr,2018,22,4244,514,87,13
cfr,2019,22,4435,546,86,13
cfr,2020,22,4394,551,86,13
cfr,1997,23,743,53,4,0
cfr,1998,23,1413,91,14,0
cfr,1999,23,1548,95,18,1
cfr,2000,23,1524,91,18,1
cfr,2001,23,1570,94,18,1
cfr,2002,23,1568,94,18,1
cfr,2003,23,1615,94,18,1
cfr,2004,23,1673,95,18,1
cfr,2005,23,1329,80,14,1
cfr,2006,23,1338,73,14,1
cfr,2007,23,1419,70,14,1
cfr,2008,23,1960,83,18,4
cfr,2009,23,1988,80,18,4
cfr,2010,23,2005,83,18,4
cfr,2011,23,2025,84,18,4
cfr,2012,23,1652,73,13,1
cfr,2013,23,1981,86,16,23
cfr,2014,23,1983,86,16,23
cfr,2015,23,1999,89,16,23
cfr,2016,23,2136,90,16,24
cfr,2017,23,2563,93,16,48
cfr,2018,23,2874,93,16,47
cfr,2019,23,2872,93,16,47
cfr,2020,23,2865,93,16,47
cfr,1997,24,0,0,0,0
cfr,1998,24,8927,1211,26,6
cfr,1999,24,2993,486,12,3
cfr,2000,24,1593,303,13,3
cfr,2001,24,7706,1103,27,7
cfr,2002,24,6360,823,21,6
cfr,2003,24,9774,1309,33,8
cfr,2004,24,8278,1134,31,8
cfr,2005,24,12219,1602,34,9
cfr,2006,24,12336,1634,34,8
cfr,2007,24,12444,1602,35,36
cfr,2008,24,12682,1664,40,8
cfr,2009,24,14506,1967,45,9
cfr,2010,24,13029,1755,43,9
cfr,2011,24,13058,1765,42,9
cfr,2012,24,13143,1830,42,11
cfr,2013,24,13365,1887,44,11
cfr,2014,24,13521,1912,43,12
cfr,2015,24,13224,1768,40,10
cfr,2016,24,13314,1749,39,10
cfr,2017,24,12086,1576,38,10
cfr,2018,24,13846,1772,39,10
cfr,2019,24,13823,1774,43,10
cfr,2020,24,13858,1779,43,10
cfr,1997,25,1041,139,17,3
cfr,1998,25,2089,231,21,4
cfr,1999,25,2146,231,21,4
cfr,2000,25,2176,231,21,4
cfr,2001,25,1918,204,23,2
cfr,2002,25,1918,204,23,2
cfr,2003,25,2547,233,27,2
cfr,2004,25,2547,233,27,2
cfr,2005,25,2679,237,27,2
cfr,2006,25,2809,237,26,4
cfr,2007,25,2814,237,26,4
cfr,2008,25,2895,237,27,4
cfr,2009,25,3029,241,27,4
cfr,2010,25,3022,239,27,4
cfr,2011,25,3024,239,31,4
cfr,2012,25,2953,239,31,4
cfr,2013,25,3322,238,28,4
cfr,2014,25,3333,238,28,4
cfr,2015,25,3330,238,28,4
cfr,2016,25,3178,225,30,4
cfr,2017,25,3492,238,27,3
cfr,2018,25,3481,238,27,3
cfr,2019,25,3478,237,27,3
cfr,2020,25,3290,224,25,2
cfr,1997,26,25966,2441,93,10
cfr,1998,26,66633,3965,132,17
cfr,1999,26,77894,4660,182,19
cfr,2000,26,70956,4205,185,10
cfr,2001,26,93621,5801,237,22
cfr,2002,26,94262,5845,238,22
cfr,2003,26,104955,6674,263,24
cfr,2004,26,107614,6818,267,25
cfr,2005,26,104070,6647,274,26
cfr,2006,26,111225,6977,281,26
cfr,2007,26,115106,7080,296,26
cfr,2008,26,112276,6613,165,25
cfr,2009,26,132322,8027,375,35
cfr,2010,26,120508,7176,305,28
cfr,2011,26,121565,7235,303,29
cfr,2012,26,122350,7271,298,29
cfr,2013,26,124528,7337,303,29
cfr,2014,26,128828,7478,182,29
cfr,2015,26,129989,7508,187,27
cfr,2016,26,131497,7610,186,28
cfr,2017,26,135663,7690,196,28
cfr,2018,26,135460,7686,194,28
cfr,2019,26,133493,7378,185,27
cfr,2020,26,137156,7464,187,27
cfr,1997,27,5523,556,3,25
cfr,1998,27,6130,608,3,29
cfr,1999,27,7165,646,4,38
cfr,2000,27,7208,648,4,38
cfr,2001,27,5488,698,4,39
cfr,2002,27,5547,714,4,44
cfr,2003,27,5635,736,4,49
cfr,2004,27,5650,741,4,48
cfr,2005,27,5833,774,4,48
cfr,2006,27,6206,777,4,42
cfr,2007,27,6426,784,4,42
cfr,2008,27,6426,787,4,42
cfr,2009,27,7012,849,4,50
cfr,2010,27,6291,795,4,42
cfr,2011,27,6404,802,2,43
cfr,2012,27,6158,805,2,43
cfr,2013,27,6225,806,2,43
cfr,2014,27,6313,808,2,43
cfr,2015,27,6600,825,2,43
cfr,2016,27,6657,832,2,43
cfr,2017,27,6989,835,2,42
cfr,2018,27,6995,835,2,42
cfr,2019,27,6978,836,2,42
cfr,2020,27,2100,398,2,13
cfr,1997,28,422,60,7,0
cfr,1998,28,3343,625,32,2
cfr,1999,28,3315,641,31,2
cfr,2000,28,3484,635,33,2
cfr,2001,28,2923,434,27,0
cfr,2002,28,2980,457,27,0
cfr,2003,28,3666,687,34,2
cfr,2004,28,3933,699,28,2
cfr,2005,28,3876,686,28,2
cfr,2006,28,3907,646,32,15
cfr,2007,28,3927,690,28,1
cfr,2008,28,3962,696,28,1
cfr,2009,28,3988,700,28,1
cfr,2010,28,4031,704,27,1
cfr,2011,28,4118,764,26,1
cfr,2012,28,4213,771,26,1
cfr,2013,28,4304,772,26,1
cfr,2014,28,4310,774,26,1
cfr,2015,28,4196,752,26,1
cfr,2016,28,4298,757,26,1
cfr,2017,28,4382,753,26,1
cfr,2018,28,4423,754,26,1
cfr,2019,28,4425,754,26,1
cfr,2020,28,4443,754,26,1
cfr,1997,29,3651,1026,78,7
cfr,1998,29,10604,3745,133,106
cfr,1999,29,11818,3790,134,107
cfr,2000,29,12037,3857,132,111
cfr,2001,29,11597,3873,135,115
cfr,2002,29,11728,3896,135,113
cfr,2003,29,12906,3980,145,112
cfr,2004,29,13237,4021,147,117
cfr,2005,29,13808,4291,150,112
cfr,2006,29,13849,4312,151,113
cfr,2007,29,13955,4331,151,112
cfr,2008,29,14130,4343,153,116
cfr,2009,29,14510,4465,153,116
cfr,2010,29,14799,4461,153,111
cfr,2011,29,15016,4531,156,108
cfr,2012,29,14684,4492,137,110
cfr,2013,29,16016,4659,132,110
cfr,2014,29,15724,4648,133,103
cfr,2015,29,16441,4790,132,107
cfr,2016,29,15832,4682,133,106
cfr,2017,29,16186,4694,118,106
cfr,2018,29,16253,4756,122,106
cfr,2019,29,16246,4794,123,106
cfr,2020,29,4475,834,59,11
cfr,2005,2,78,7,0,0
cfr,2006,2,166,10,0,0
cfr,2007,2,220,16,0,0
cfr,2008,2,661,60,1,0
cfr,2009,2,698,64,1,0
cfr,2010,2,808,98,1,0
cfr,2011,2,1117,114,1,1
cfr,2012,2,1245,120,1,1
cfr,2013,2,1314,121,1,1
cfr,2014,2,1684,134,1,3
cfr,2015,2,2023,147,1,7
cfr,2016,2,2086,150,3,7
cfr,2017,2,2142,154,3,7
cfr,2018,2,2153,154,3,7
cfr,2019,2,2154,155,3,7
cfr,2020,2,2233,161,3,7
cfr,1997,30,1170,136,1,5
cfr,1998,30,5930,764,17,11
cfr,1999,30,5585,756,13,10
cfr,2000,30,2803,214,9,7
cfr,2001,30,6483,783,19,11
cfr,2002,30,6479,781,22,11
cfr,2003,30,6587,818,20,11
cfr,2004,30,6801,830,20,11
cfr,2005,30,6855,818,20,11
cfr,2006,30,7072,805,22,11
cfr,2007,30,7142,832,23,11
cfr,2008,30,7170,824,24,11
cfr,2009,30,7726,918,25,11
cfr,2010,30,7829,919,26,12
cfr,2011,30,8030,928,27,10
cfr,2012,30,8462,968,29,16
cfr,2013,30,8525,991,33,16
cfr,2014,30,7657,971,18,15
cfr,2015,30,8461,983,33,16
cfr,2016,30,7918,955,33,16
cfr,2017,30,9438,1053,32,16
cfr,2018,30,8770,965,32,16
cfr,2019,30,8817,975,32,16
cfr,1997,31,679,30,4,3
cfr,1998,31,3028,212,12,10
cfr,1999,31,3137,254,17,9
cfr,2000,31,3270,251,18,9
cfr,2001,31,3368,293,21,7
cfr,2002,31,3536,317,22,8
cfr,2003,31,4236,389,22,8
cfr,2004,31,4422,419,23,8
cfr,2005,31,3857,350,20,8
cfr,2006,31,4137,381,21,9
cfr,2007,31,4273,388,21,9
cfr,2008,31,4232,380,21,20
cfr,2009,31,4587,465,21,21
cfr,2010,31,4730,484,22,21
cfr,2011,31,5154,542,12,18
cfr,2012,31,5291,569,13,18
cfr,2013,31,5417,575,13,20
cfr,2014,31,5589,577,13,17
cfr,2015,31,5765,593,13,22
cfr,2016,31,5960,610,13,22
cfr,2017,31,5776,605,13,22
cfr,2018,31,5864,614,14,18
cfr,2019,31,5988,628,14,19
cfr,1997,32,1405,61,4,1
cfr,1998,32,6620,358,65,10
cfr,1999,32,5799,278,30,7
cfr,2000,32,7531,473,86,10
cfr,2001,32,7561,477,86,8
cfr,2002,32,7196,453,79,5
cfr,2003,32,7400,464,79,5
cfr,2004,32,7606,447,79,12
cfr,2005,32,7607,450,79,14
cfr,2006,32,7478,507,81,13
cfr,2007,32,7309,491,65,13
cfr,2008,32,6995,470,63,13
cfr,2009,32,7705,527,70,15
cfr,2010,32,7844,595,71,15
cfr,2011,32,9678,790,74,23
cfr,2012,32,7821,638,52,13
cfr,2013,32,7900,626,50,14
cfr,2014,32,8852,729,53,17
cfr,2015,32,8422,673,50,21
cfr,2016,32,9440,751,56,24
cfr,2017,32,8628,746,52,16
cfr,2018,32,8050,737,52,16
cfr,2019,32,9132,804,49,23
cfr,1997,33,1170,206,1,7
cfr,1998,33,3833,554,5,10
cfr,1999,33,1568,288,5,6
cfr,2000,33,3333,529,6,11
cfr,2001,33,3143,247,1,10
cfr,2002,33,4351,557,10,13
cfr,2003,33,4687,557,11,13
cfr,2004,33,5049,583,10,11
cfr,2005,33,5073,585,10,11
cfr,2006,33,5120,585,10,11
cfr,2007,33,5187,584,11,11
cfr,2008,33,5342,599,11,11
cfr,2009,33,5506,608,11,11
cfr,2010,33,5648,612,11,11
cfr,2011,33,5685,611,10,11
cfr,2012,33,5836,612,9,11
cfr,2013,33,5885,612,9,11
cfr,2014,33,6164,590,9,11
cfr,2015,33,6330,591,9,11
cfr,2016,33,6343,583,11,11
cfr,2017,33,6387,583,11,11
cfr,2018,33,6396,585,11,11
cfr,2019,33,6421,585,11,11
cfr,1997,34,2128,193,4,7
cfr,1998,34,5739,858,16,26
cfr,1999,34,4809,812,12,26
cfr,2000,34,5323,785,16,19
cfr,2001,34,5445,731,19,30
cfr,2002,34,6285,962,20,30
cfr,2003,34,6523,1036,21,30
cfr,2004,34,6366,1011,21,29
cfr,2005,34,6383,1025,21,29
cfr,2006,34,6402,1042,21,29
cfr,2007,34,6583,1147,22,22
cfr,2008,34,6777,1157,22,22
cfr,2009,34,6873,1183,21,23
cfr,2010,34,6107,1122,14,25
cfr,2011,34,6749,1201,18,27
cfr,2012,34,7543,1311,24,29
cfr,2013,34,8743,1459,24,34
cfr,2014,34,7445,1304,24,25
cfr,2015,34,7377,1258,26,23
cfr,2016,34,7422,1260,26,22
cfr,2017,34,6824,1111,20,11
cfr,2018,34,6636,1020,20,11
cfr,2019,34,7155,1275,41,27
cfr,2020,34,1972,467,8,2
cfr,1997,35,399,59,0,1
cfr,1998,35,398,59,0,1
cfr,1999,35,398,59,0,1
cfr,2000,35,219,47,0,0
cfr,1997,36,1134,110,15,0
cfr,1998,36,2360,208,24,3
cfr,1999,36,3306,338,27,12
cfr,2000,36,3411,355,33,12
cfr,2001,36,3907,417,34,12
cfr,2002,36,3660,374,34,12
cfr,2003,36,4088,446,35,12
cfr,2004,36,4132,436,35,12
cfr,2005,36,4054,427,34,11
cfr,2006,36,4160,434,35,11
cfr,2007,36,4139,435,35,11
cfr,2008,36,4185,434,35,11
cfr,2009,36,4329,443,38,11
cfr,2010,36,4560,443,38,11
cfr,2011,36,4574,442,39,11
cfr,2012,36,4600,464,39,11
cfr,2013,36,4636,467,33,11
cfr,2014,36,4647,467,33,11
cfr,2015,36,4506,445,33,12
cfr,2016,36,4531,451,32,13
cfr,2017,36,4596,452,32,13
cfr,2018,36,4624,452,32,13
cfr,2019,36,4635,452,32,13
cfr,1997,37,1239,40,0,0
cfr,1998,37,2199,267,42,1
cfr,1999,37,2240,269,42,1
cfr,2000,37,1120,260,39,1
cfr,2001,37,2934,293,41,1
cfr,2002,37,2996,299,41,1
cfr,2003,37,3038,299,42,1
cfr,2004,37,3269,357,42,1
cfr,2005,37,3346,358,44,1
cfr,2006,37,3392,366,44,1
cfr,2007,37,3491,394,46,1
cfr,2008,37,3728,392,43,1
cfr,2009,37,3911,404,46,1
cfr,2010,37,3881,414,51,1
cfr,2011,37,3963,417,51,1
cfr,2012,37,3906,423,52,0
cfr,2013,37,4264,430,49,0
cfr,2014,37,4464,433,49,0
cfr,2015,37,4664,435,49,0
cfr,2016,37,4676,470,48,0
cfr,2017,37,4588,454,13,0
cfr,2018,37,4663,447,12,0
cfr,2019,37,4598,448,15,0
cfr,1997,38,1148,51,2,0
cfr,1998,38,3759,141,11,1
cfr,1999,38,3217,139,11,1
cfr,2000,38,5094,242,15,0
cfr,2001,38,5175,250,16,0
cfr,2002,38,5280,252,16,0
cfr,2003,38,5263,251,14,0
cfr,2004,38,5304,249,14,0
cfr,2005,38,5404,250,14,2
cfr,2006,38,5580,257,15,2
cfr,2007,38,5663,269,15,2
cfr,2008,38,6068,278,19,2
cfr,2009,38,6279,286,19,2
cfr,2010,38,5534,240,20,2
cfr,2011,38,6185,280,21,2
cfr,2012,38,6299,293,21,2
cfr,2013,38,6368,296,22,2
cfr,2014,38,6481,304,22,2
cfr,2015,38,6419,294,22,2
cfr,2016,38,6387,290,22,2
cfr,2017,38,5818,263,22,2
cfr,2018,38,5866,267,22,2
cfr,2019,38,7000,320,21,4
cfr,1997,39,639,21,18,11
cfr,1998,39,1113,68,19,17
cfr,1999,39,1122,73,20,12
cfr,2000,39,1107,74,20,12
cfr,2001,39,1065,74,20,12
cfr,2002,39,1158,77,20,12
cfr,2003,39,1187,85,20,12
cfr,2004,39,1217,85,20,12
cfr,2005,39,1064,92,20,1
cfr,2006,39,1081,93,20,1
cfr,2007,39,1050,93,20,1
cfr,2008,39,1133,93,20,1
cfr,2009,39,1088,82,25,1
cfr,2010,39,1142,82,25,1
cfr,2011,39,990,62,25,0
cfr,2012,39,1186,80,26,1
cfr,2013,39,1191,80,25,1
cfr,2014,39,1196,80,25,1
cfr,2015,39,1181,76,25,1
cfr,2016,39,823,61,25,1
cfr,2017,39,1336,73,25,1
cfr,2018,39,1350,70,25,1
cfr,2019,39,1374,71,26,1
cfr,2001,3,0,0,0,0
cfr,2002,3,0,0,0,0
cfr,2003,3,0,0,0,0
cfr,2004,3,0,0,0,0
cfr,2005,3,0,0,0,0
cfr,2006,3,0,0,0,0
cfr,2007,3,0,0,0,0
cfr,2008,3,0,0,0,0
cfr,2009,3,0,0,0,0
cfr,2010,3,0,0,0,0
cfr,2011,3,0,0,0,0
cfr,2012,3,0,0,0,0
cfr,2013,3,0,0,0,0
cfr,2014,3,0,0,0,0
cfr,2015,3,0,0,0,0
cfr,2016,3,0,0,0,0
cfr,2017,3,0,0,0,0
cfr,2018,3,0,0,0,0
cfr,2019,3,0,0,0,0
cfr,2020,3,0,0,0,0
cfr,1996,40,8465,650,41,2
cfr,1997,40,14788,2846,432,34
cfr,1998,40,34388,4983,180,52
cfr,1999,40,35524,4269,287,39
cfr,2000,40,44780,4646,566,64
cfr,2001,40,57261,5698,817,92
cfr,2002,40,67717,6140,1237,84
cfr,2003,40,72717,6323,1214,65
cfr,2004,40,78075,7250,1109,74
cfr,2005,40,84636,7544,1109,74
cfr,2006,40,88815,7607,1127,81
cfr,2007,40,89367,7648,1158,82
cfr,2008,40,94039,7932,1199,83
cfr,2009,40,97449,8020,1209,83
cfr,2010,40,97128,8058,1224,78
cfr,2011,40,102196,8195,1249,84
cfr,2012,40,107166,8378,1257,94
cfr,2013,40,110235,8542,1284,91
cfr,2014,40,114054,8146,1164,89
cfr,2015,40,116334,8211,1166,90
cfr,2016,40,115881,8341,1185,98
cfr,2017,40,118783,8488,1182,99
cfr,2018,40,119534,8550,1183,100
cfr,2019,40,119135,8342,1170,98
cfr,2020,40,19923,744,162,23
cfr,1997,41,1415,160,6,7
cfr,1998,41,3078,375,5,10
cfr,1999,41,3495,391,7,10
cfr,2000,41,3700,402,7,10
cfr,2001,41,3703,403,7,8
cfr,2002,41,2845,226,5,5
cfr,2003,41,3502,329,11,8
cfr,2004,41,3566,318,12,11
cfr,2005,41,3596,323,12,10
cfr,2006,41,3650,277,12,8
cfr,2007,41,3656,271,13,12
cfr,2008,41,3718,271,13,12
cfr,2009,41,3740,271,13,12
cfr,2010,41,3743,271,13,12
cfr,2011,41,3713,271,12,12
cfr,2012,41,3748,271,13,12
cfr,2013,41,3751,275,13,12
cfr,2014,41,3741,273,13,12
cfr,2015,41,3868,274,9,12
cfr,2016,41,3871,274,9,12
cfr,2017,41,3730,270,9,7
cfr,2018,41,3743,270,9,7
cfr,2019,41,3741,270,9,7
cfr,2020,41,487,50,1,1
cfr,1996,42,2765,743,27,13
cfr,1997,42,0,0,0,0
cfr,1998,42,7262,1893,77,122
cfr,1999,42,5077,1587,71,121
cfr,2000,42,6255,1913,73,125
cfr,2001,42,4920,1603,67,67
cfr,2002,42,8813,2465,76,74
cfr,2003,42,9009,2492,76,74
cfr,2004,42,9509,2573,81,76
cfr,2005,42,10461,2829,86,76
cfr,2006,42,10568,2835,85,76
cfr,2007,42,10788,2905,87,76
cfr,2008,42,9939,2739,83,79
cfr,2009,42,7992,2447,82,73
cfr,2010,42,12031,3314,90,81
cfr,2011,42,12393,3452,88,83
cfr,2012,42,11400,3097,75,82
cfr,2013,42,13166,3634,92,83
cfr,2014,42,13538,3674,90,83
cfr,2015,42,13757,3732,91,85
cfr,2016,42,14882,4014,94,67
cfr,2017,42,14202,3799,78,65
cfr,2018,42,15512,4051,83,65
cfr,2019,42,16084,4190,85,65
cfr,1996,43,1098,270,17,0
cfr,1997,43,0,0,0,0
cfr,1998,43,2602,537,25,2
cfr,1999,43,3668,794,22,11
cfr,2000,43,4224,852,21,13
cfr,2001,43,5007,955,24,13
cfr,2002,43,5096,960,25,13
cfr,2003,43,5130,955,25,13
cfr,2004,43,5148,932,23,14
cfr,2005,43,5314,927,23,11
cfr,2006,43,5585,933,23,11
cfr,2007,43,5647,931,23,12
cfr,2008,43,5657,932,23,12
cfr,2009,43,1797,347,20,2
cfr,2010,43,5873,936,24,16
cfr,2011,43,5845,934,23,16
cfr,2012,43,5845,934,23,16
cfr,2013,43,5886,935,23,16
cfr,2014,43,6220,979,25,15
cfr,2015,43,6136,949,24,15
cfr,2016,43,6180,969,24,15
cfr,2017,43,7168,988,24,15
cfr,2018,43,7119,984,24,15
cfr,2019,43,7054,982,24,15
cfr,1997,44,0,0,0,0
cfr,1998,44,1405,312,16,9
cfr,1999,44,1267,278,13,9
cfr,2000,44,1352,289,17,9
cfr,2001,44,1382,301,15,9
cfr,2002,44,1460,313,16,9
cfr,2003,44,1458,312,16,9
cfr,2004,44,1462,313,16,9
cfr,2005,44,1520,316,17,9
cfr,2006,44,1531,321,17,9
cfr,2007,44,1446,320,17,9
cfr,2008,44,1546,328,17,10
cfr,2009,44,1452,300,17,10
cfr,2010,44,1457,297,17,10
cfr,2011,44,1444,297,17,10
cfr,2012,44,1444,297,17,10
cfr,2013,44,1454,303,17,10
cfr,2014,44,1440,300,17,10
cfr,2015,44,1383,284,17,10
cfr,2016,44,1340,280,12,8
cfr,2017,44,1292,280,12,8
cfr,2018,44,1278,275,12,8
cfr,2019,44,1280,275,12,8
cfr,1996,45,2953,580,57,38
cfr,1997,45,0,0,0,0
cfr,1998,45,6038,1217,85,63
cfr,1999,45,6331,1349,86,62
cfr,2000,45,6687,1475,85,63
cfr,2001,45,5889,1306,70,58
cfr,2002,45,7254,1536,84,61
cfr,2003,45,7241,1498,81,60
cfr,2004,45,7519,1506,81,60
cfr,2005,45,7566,1506,83,60
cfr,2006,45,7595,1497,76,58
cfr,2007,45,7383,1474,74,59
cfr,2008,45,7363,1472,73,59
cfr,2009,45,7488,1491,74,59
cfr,2010,45,7713,1537,78,62
cfr,2011,45,7875,1585,79,60
cfr,2012,45,8466,1768,80,58
cfr,2013,45,9196,1886,82,59
cfr,2014,45,9363,1912,83,56
cfr,2015,45,9378,1901,87,43
cfr,2016,45,10166,1916,85,45
cfr,2017,45,8259,1757,61,46
cfr,2018,45,10655,2071,78,51
cfr,2019,45,10997,2111,78,51
cfr,1996,46,1559,143,24,32
cfr,1997,46,0,0,0,0
cfr,1998,46,6492,447,76,87
cfr,1999,46,8012,613,83,107
cfr,2000,46,8042,625,77,96
cfr,2001,46,8661,626,84,108
cfr,2002,46,8642,640,83,98
cfr,2003,46,8687,641,83,99
cfr,2004,46,8749,661,84,99
cfr,2005,46,8762,663,84,101
cfr,2006,46,9300,651,93,111
cfr,2007,46,8911,654,89,101
cfr,2008,46,8937,632,89,101
cfr,2009,46,9126,630,79,104
cfr,2010,46,9589,635,81,109
cfr,2011,46,9735,638,81,109
cfr,2012,46,10398,623,78,105
cfr,2013,46,10601,616,79,117
cfr,2014,46,11551,615,85,111
cfr,2015,46,11247,580,83,105
cfr,2016,46,12438,615,83,128
cfr,2017,46,12443,606,83,128
cfr,2018,46,12406,601,83,128
cfr,2019,46,12408,601,83,128
cfr,1996,47,3227,232,76,25
cfr,1997,47,0,0,0,0
cfr,1998,47,1965,247,36,22
cfr,1999,47,1794,210,26,22
cfr,2000,47,2338,149,33,27
cfr,2001,47,6259,431,132,92
cfr,2002,47,8448,573,181,121
cfr,2003,47,8631,588,171,101
cfr,2004,47,8762,590,160,100
cfr,2005,47,8925,598,163,93
cfr,2006,47,8638,580,149,85
cfr,2007,47,9480,602,168,95
cfr,2008,47,9612,600,168,89
cfr,2009,47,9136,581,160,78
cfr,2010,47,9807,601,174,90
cfr,2011,47,9037,539,157,83
cfr,2012,47,10094,622,172,88
cfr,2013,47,10465,661,171,90
cfr,2014,47,10560,655,163,90
cfr,2015,47,10684,676,164,89
cfr,2016,47,10949,699,162,88
cfr,2017,47,11134,698,162,88
cfr,2018,47,11105,698,156,80
cfr,2019,47,12074,696,171,91
cfr,1996,48,2796,486,2,101
cfr,1997,48,567,75,0,26
cfr,1998,48,4567,550,3,107
cfr,1999,48,3403,403,3,70
cfr,2000,48,5021,617,3,154
cfr,2001,48,5697,682,3,166
cfr,2002,48,5758,680,3,170
cfr,2003,48,5858,686,2,171
cfr,2004,48,6123,720,2,161
cfr,2005,48,6043,712,2,145
cfr,2006,48,6385,776,2,154
cfr,2007,48,5943,722,2,142
cfr,2008,48,5606,639,2,85
cfr,2009,48,5555,691,2,81
cfr,2010,48,6633,908,2,140
cfr,2011,48,6824,940,2,137
cfr,2012,48,6934,961,2,136
cfr,2013,48,7169,962,2,136
cfr,2014,48,7297,893,2,140
cfr,2015,48,7323,902,2,149
cfr,2016,48,7428,917,2,139
cfr,2017,48,7609,932,2,141
cfr,2018,48,7409,848,2,90
cfr,2019,48,7487,879,2,96
cfr,1996,49,3838,606,32,27
cfr,1997,49,1559,357,13,3
cfr,1998,49,8630,820,59,49
cfr,1999,49,6365,799,38,44
cfr,2000,49,8863,788,40,49
cfr,2001,49,10394,824,69,44
cfr,2002,49,11009,846,69,43
cfr,2003,49,11718,837,71,39
cfr,2004,49,12564,849,87,38
cfr,2005,49,11908,797,83,28
cfr,2006,49,14399,871,87,39
cfr,2007,49,13849,844,87,40
cfr,2008,49,13378,791,87,40
cfr,2009,49,14611,798,88,41
cfr,2010,49,16195,819,92,42
cfr,2011,49,16743,818,98,42
cfr,2012,49,17446,760,101,40
cfr,2013,49,17120,695,96,37
cfr,2014,49,16549,717,97,19
cfr,2015,49,16719,663,97,19
cfr,2016,49,14859,598,90,18
cfr,2017,49,18511,607,69,37
cfr,2018,49,20113,704,91,37
cfr,2019,49,20347,705,91,38
cfr,1997,4,340,32,3,0
cfr,1998,4,340,32,3,0
cfr,1999,4,340,32,3,0
cfr,2000,4,342,32,3,0
cfr,2001,4,196,24,3,0
cfr,2002,4,196,24,3,0
cfr,2003,4,196,24,3,0
cfr,2004,4,182,20,2,0
cfr,2005,4,182,20,2,0
cfr,2006,4,182,20,2,0
cfr,2007,4,182,20,2,0
cfr,2008,4,183,20,2,0
cfr,2009,4,219,20,2,0
cfr,2010,4,260,20,2,0
cfr,2011,4,262,20,2,0
cfr,2012,4,264,20,2,0
cfr,2013,4,264,20,2,0
cfr,2014,4,264,20,2,0
cfr,2015,4,264,20,2,0
cfr,2016,4,221,20,2,0
cfr,2017,4,221,20,2,0
cfr,2018,4,221,20,2,0
cfr,2019,4,227,20,2,0
cfr,2020,4,227,20,2,0
cfr,1996,50,1032,215,7,2
cfr,1997,50,6997,711,11,3
cfr,1998,50,1788,318,12,3
cfr,1999,50,7827,794,8,4
cfr,2000,50,7435,803,9,4
cfr,2001,50,10032,953,21,8
cfr,2002,50,10814,964,19,7
cfr,2003,50,11227,990,21,10
cfr,2004,50,12601,1015,30,10
cfr,2005,50,13559,1035,38,14
cfr,2006,50,14146,1107,42,14
cfr,2007,50,14274,1099,42,12
cfr,2008,50,14814,1124,44,12
cfr,2009,50,12803,973,36,8
cfr,2010,50,14933,1126,48,9
cfr,2011,50,17075,1185,59,12
cfr,2012,50,17296,1156,66,12
cfr,2013,50,18208,1213,67,12
cfr,2014,50,17731,1170,67,12
cfr,2015,50,18418,1191,65,12
cfr,2016,50,19777,1216,66,18
cfr,2017,50,20195,1230,64,18
cfr,2018,50,18724,1158,60,16
cfr,2019,50,18318,1160,67,16
cfr,1997,5,3517,254,25,4
cfr,1998,5,0,0,0,0
cfr,1999,5,6963,498,27,10
cfr,2000,5,5891,393,32,7
cfr,2001,5,6213,417,29,8
cfr,2002,5,8787,614,33,7
cfr,2003,5,8780,597,35,7
cfr,2004,5,8899,593,88,54
cfr,2005,5,9206,605,34,7
cfr,2006,5,7293,417,27,4
cfr,2007,5,10399,594,42,7
cfr,2008,5,10560,607,43,7
cfr,2009,5,10885,608,42,7
cfr,2010,5,8412,425,38,7
cfr,2011,5,11085,612,45,7
cfr,2012,5,10777,605,42,9
cfr,2013,5,10903,609,42,10
cfr,2014,5,10911,616,42,10
cfr,2015,5,11352,619,42,10
cfr,2016,5,11721,631,42,10
cfr,2017,5,8053,450,32,5
cfr,2018,5,11972,654,39,10
cfr,2019,5,12075,655,35,11
cfr,2020,5,12116,654,35,10
cfr,2004,6,168,26,0,1
cfr,2005,6,184,40,0,0
cfr,2006,6,264,50,0,1
cfr,2007,6,283,65,0,1
cfr,2008,6,468,71,1,1
cfr,2009,6,531,74,3,1
cfr,2010,6,531,74,3,1
cfr,2011,6,531,74,3,1
cfr,2012,6,531,74,3,1
cfr,2013,6,531,74,3,1
cfr,2014,6,581,78,3,1
cfr,2015,6,606,78,3,1
cfr,2016,6,606,78,3,1
cfr,2017,6,623,79,3,1
cfr,2018,6,677,81,3,1
cfr,2019,6,677,84,7,1
cfr,2020,6,676,84,6,1
cfr,1997,7,9947,893,296,31
cfr,1998,7,23959,2575,439,29
cfr,1999,7,23498,2535,528,32
cfr,2000,7,19032,2316,496,32
cfr,2001,7,18545,2202,483,32
cfr,2002,7,20318,2323,490,36
cfr,2003,7,20741,2161,486,37
cfr,2004,7,22032,2597,379,29
cfr,2005,7,23274,2695,463,36
cfr,2006,7,23659,2790,404,35
cfr,2007,7,23733,2771,413,32
cfr,2008,7,23478,2808,341,35
cfr,2009,7,23913,2882,342,35
cfr,2010,7,24234,3014,334,45
cfr,2011,7,24572,3187,334,44
cfr,2012,7,25199,3234,341,44
cfr,2013,7,25274,3289,334,45
cfr,2014,7,25522,3302,335,45
cfr,2015,7,25467,3297,328,37
cfr,2016,7,25678,3369,317,37
cfr,2017,7,26242,3396,289,31
cfr,2018,7,23111,2535,280,31
cfr,2019,7,24888,2529,282,33
cfr,2020,7,26491,3414,280,33
cfr,1997,8,74,15,1,0
cfr,1998,8,1295,1512,2,6
cfr,1999,8,289,183,1,0
cfr,2000,8,291,191,1,0
cfr,2001,8,237,138,1,0
cfr,2002,8,486,309,2,0
cfr,2003,8,2259,2456,5,9
cfr,2004,8,2978,3596,134,28
cfr,2005,8,3000,3555,134,28
cfr,2006,8,3000,3527,133,28
cfr,2007,8,3031,3553,133,27
cfr,2008,8,3200,3592,133,27
cfr,2009,8,3268,3615,133,27
cfr,2010,8,3240,3632,106,24
cfr,2011,8,3237,3638,106,24
cfr,2012,8,3086,3485,103,20
cfr,2013,8,3079,3475,102,20
cfr,2014,8,3126,3496,102,20
cfr,2015,8,3127,3496,102,20
cfr,2016,8,3154,3498,102,20
cfr,2017,8,3222,3501,102,20
cfr,2018,8,3228,3533,98,20
cfr,2019,8,3240,3533,98,20
cfr,2020,8,3377,3642,98,20
cfr,1997,9,1358,100,48,8
cfr,1998,9,2478,133,57,17
cfr,1999,9,3555,221,82,26
cfr,2000,9,2354,117,39,17
cfr,2001,9,3912,211,63,34
cfr,2002,9,3972,210,58,32
cfr,2003,9,3972,212,54,33
cfr,2004,9,4049,171,53,33
cfr,2005,9,4174,174,53,34
cfr,2006,9,4255,175,52,34
cfr,2007,9,4367,174,51,34
cfr,2008,9,4421,174,51,34
cfr,2009,9,4452,171,52,34
cfr,2010,9,4493,171,48,34
cfr,2011,9,4517,172,47,34
cfr,2012,9,4591,172,57,34
cfr,2013,9,4699,173,57,34
cfr,2014,9,4782,173,57,34
cfr,2015,9,4749,177,53,34
cfr,2016,9,4881,196,53,35
cfr,2017,9,4865,196,53,35
cfr,2018,9,4864,196,53,35
cfr,2019,9,4846,196,53,33
cfr,2020,9,4856,193,52,33
